book,book_abbr,chapter,chapter_abbr,character,word_count
New Spring,NS,Ch1: The Hook,1,Lan Mandragoran,5677
New Spring,NS,Ch2: A Wish Fulfilled,2,Moiraine Damodred,4949
New Spring,NS,Ch3: Practice,3,Moiraine Damodred,8708
New Spring,NS,Ch4: Leaving the Tower,4,Moiraine Damodred,6071
New Spring,NS,Ch5: The Human Heart,5,Moiraine Damodred,7958
New Spring,NS,Ch6: Surprises,6,Moiraine Damodred,5466
New Spring,NS,Ch7: The Itch,7,Moiraine Damodred,3302
New Spring,NS,Ch8: Shreds of Serenity,8,Moiraine Damodred,4266
New Spring,NS,Ch9: It Begins,9,Moiraine Damodred,4876
New Spring,NS,Ch10: It Finishes,10,Moiraine Damodred,2570
New Spring,NS,Ch11: Just Before Dawn,11,Moiraine Damodred,3299
New Spring,NS,Ch12: Entering Home,12,Moiraine Damodred,3475
New Spring,NS,Ch12: Entering Home,12,Siuan Sanche,1338
New Spring,NS,Ch12: Entering Home,12,Lan Mandragoran,633
New Spring,NS,Ch13: Business in the City,13,Moiraine Damodred,3733
New Spring,NS,Ch14: Changes,14,Moiraine Damodred,6544
New Spring,NS,Ch15: Into Canluum,15,Lan Mandragoran,2804
New Spring,NS,Ch16: The Deeps,16,Lan Mandragoran,4304
New Spring,NS,Ch17: An Arrival,17,Moiraine Damodred,5127
New Spring,NS,Ch18: A Narrow Passage,18,Moiraine Damodred,3743
New Spring,NS,Ch19: Pond Water,19,Moiraine Damodred,3726
New Spring,NS,Ch20: Breakfast in Manala,20,Lan Mandragoran,2895
New Spring,NS,Ch21: Some Tricks of the Power,21,Lan Mandragoran,1809
New Spring,NS,Ch21: Some Tricks of the Power,21,Moiraine Damodred,2504
New Spring,NS,Ch22: Keeping Custom,22,Lan Mandragoran,5116
New Spring,NS,Ch23: The Evening Star,23,Moiraine Damodred,3514
New Spring,NS,Ch24: Making Use of Invisibility,24,Moiraine Damodred,2902
New Spring,NS,Ch25: An Answer,25,Moiraine Damodred,4507
New Spring,NS,Ch26: When to Surrender,26,Lan Mandragoran,1119
New Spring,NS,Ch26: When to Surrender,26,Moiraine Damodred,2882
New Spring,NS,Epilogue,Epilogue,Moiraine Damodred,2035
The Eye of the World,TEOTW,Prologue: Dragonmount,Prologue,Lews Therin Telamon,2362
The Eye of the World,TEOTW,Prologue: Dragonmount,Prologue,Quote,254
The Eye of the World,TEOTW,Prologue: Ravens,Ravens,Egwene al'Vere,10044
The Eye of the World,TEOTW,Ch1: An Empty Road,1,Rand al'Thor,7164
The Eye of the World,TEOTW,Ch2: Strangers,2,Rand al'Thor,4956
The Eye of the World,TEOTW,Ch3: The Peddler,3,Rand al'Thor,5260
The Eye of the World,TEOTW,Ch4: The Gleeman,4,Rand al'Thor,5965
The Eye of the World,TEOTW,Ch5: Winternight,5,Rand al'Thor,7123
The Eye of the World,TEOTW,Ch6: The Westwood,6,Rand al'Thor,3411
The Eye of the World,TEOTW,Ch7: Out of the Woods,7,Rand al'Thor,5682
The Eye of the World,TEOTW,Ch8: A Place of Safety,8,Rand al'Thor,5934
The Eye of the World,TEOTW,Ch9: Tellings of the Wheel,9,Rand al'Thor,6933
The Eye of the World,TEOTW,Ch10: Leavetaking,10,Rand al'Thor,4048
The Eye of the World,TEOTW,Ch11: The Road to Taren Ferry,11,Rand al'Thor,3567
The Eye of the World,TEOTW,Ch12: Across the Taren,12,Rand al'Thor,5255
The Eye of the World,TEOTW,Ch13: Choices,13,Rand al'Thor,7308
The Eye of the World,TEOTW,Ch14: The Stag and Lion,14,Rand al'Thor,5890
The Eye of the World,TEOTW,Ch15: Strangers and Friends,15,Rand al'Thor,9061
The Eye of the World,TEOTW,Ch16: The Wisdom,16,Rand al'Thor,4246
The Eye of the World,TEOTW,Ch17: Watchers and Hunters,17,Rand al'Thor,6565
The Eye of the World,TEOTW,Ch18: The Caemlyn Road,18,Rand al'Thor,5529
The Eye of the World,TEOTW,Ch19: Shadow's Waiting,19,Rand al'Thor,7094
The Eye of the World,TEOTW,Ch20: Dust on the Wind,20,Rand al'Thor,2177
The Eye of the World,TEOTW,Ch20: Dust on the Wind,20,Perrin Aybara,1469
The Eye of the World,TEOTW,Ch20: Dust on the Wind,20,Rand al'Thor,3977
The Eye of the World,TEOTW,Ch21: Listen to the Wind,21,Nynaeve al'Meara,5127
The Eye of the World,TEOTW,Ch22: A Path Chosen,22,Perrin Aybara,2184
The Eye of the World,TEOTW,Ch23: Wolfbrother,23,Perrin Aybara,5822
The Eye of the World,TEOTW,Ch24: Flight Down the Arinelle,24,Rand al'Thor,5334
The Eye of the World,TEOTW,Ch25: The Traveling People,25,Perrin Aybara,6144
The Eye of the World,TEOTW,Ch26: Whitebridge,26,Rand al'Thor,8979
The Eye of the World,TEOTW,Ch27: Shelter From the Storm,27,Perrin Aybara,4918
The Eye of the World,TEOTW,Ch28: Footprints in the Air,28,Nynaeve al'Meara,3163
The Eye of the World,TEOTW,Ch29: Eyes Without Pity,29,Perrin Aybara,6184
The Eye of the World,TEOTW,Ch30: Children of Shadow,30,Perrin Aybara,6407
The Eye of the World,TEOTW,Ch31: Play for Your Supper,31,Rand al'Thor,4545
The Eye of the World,TEOTW,Ch32: Four Kings in Shadow,32,Rand al'Thor,7977
The Eye of the World,TEOTW,Ch33: The Dark Waits,33,Rand al'Thor,10410
The Eye of the World,TEOTW,Ch34: The Last Village,34,Rand al'Thor,5931
The Eye of the World,TEOTW,Ch35: Caemlyn,35,Rand al'Thor,5354
The Eye of the World,TEOTW,Ch36: Web of the Pattern,36,Rand al'Thor,5726
The Eye of the World,TEOTW,Ch37: The Long Chase,37,Nynaeve al'Meara,3239
The Eye of the World,TEOTW,Ch38: Rescue,38,Perrin Aybara,5934
The Eye of the World,TEOTW,Ch39: Weaving of the Web,39,Rand al'Thor,4472
The Eye of the World,TEOTW,Ch40: The Web Tightens,40,Rand al'Thor,9523
The Eye of the World,TEOTW,Ch41: Old Friends and New Threats,41,Rand al'Thor,5812
The Eye of the World,TEOTW,Ch42: Remembrance of Dreams,42,Rand al'Thor,4720
The Eye of the World,TEOTW,Ch43: Decisions and Apparitions,43,Rand al'Thor,4900
The Eye of the World,TEOTW,Ch44: The Dark Along the Ways,44,Rand al'Thor,5305
The Eye of the World,TEOTW,Ch45: What Follows in Shadow,45,Rand al'Thor,5563
The Eye of the World,TEOTW,Ch46: Fal Dara,46,Rand al'Thor,6748
The Eye of the World,TEOTW,Ch47: More Tales of the Wheel,47,Rand al'Thor,5169
The Eye of the World,TEOTW,Ch48: The Blight,48,Rand al'Thor,4586
The Eye of the World,TEOTW,Ch49: The Dark One Stirs,49,Rand al'Thor,3478
The Eye of the World,TEOTW,Ch50: Meetings at the Eye,50,Rand al'Thor,4544
The Eye of the World,TEOTW,Ch51: Against the Shadow,51,Rand al'Thor,3513
The Eye of the World,TEOTW,Ch52: Neither Beginning Nor End,52,Rand al'Thor,3878
The Eye of the World,TEOTW,Ch53: The Wheel Turns,53,Rand al'Thor,3204
The Eye of the World,TEOTW,Ch53: The Wheel Turns,53,Moiraine Damodred,124
The Great Hunt,TGH,Prologue: In the Shadow,Prologue,Quote,207
The Great Hunt,TGH,Prologue: In the Shadow,Prologue,Jaichim Carridin,5313
The Great Hunt,TGH,Ch1: The Flame of Tar Valon,1,Rand al'Thor,4202
The Great Hunt,TGH,Ch2: The Welcome,2,Rand al'Thor,4551
The Great Hunt,TGH,Ch3: Friends And Enemies,3,Rand al'Thor,8430
The Great Hunt,TGH,Ch4: Summoned,4,Moiraine Damodred,6437
The Great Hunt,TGH,Ch5: The Shadow in Shienar,5,Moiraine Damodred,3869
The Great Hunt,TGH,Ch5: The Shadow in Shienar,5,Geofram Bornhald,1446
The Great Hunt,TGH,Ch5: The Shadow in Shienar,5,Liandrin,2222
The Great Hunt,TGH,Ch5: The Shadow in Shienar,5,Padan Fain,171
The Great Hunt,TGH,Ch6: Dark Prophecy,6,Rand al'Thor,7265
The Great Hunt,TGH,Ch7: Blood Calls Blood,7,Moiraine Damodred,3558
The Great Hunt,TGH,Ch7: Blood Calls Blood,7,Perrin Aybara,1191
The Great Hunt,TGH,Ch7: Blood Calls Blood,7,Rand al'Thor,2174
The Great Hunt,TGH,Ch8: The Dragon Reborn,8,Rand al'Thor,4591
The Great Hunt,TGH,Ch8: The Dragon Reborn,8,Moiraine Damodred,156
The Great Hunt,TGH,Ch8: The Dragon Reborn,8,Nynaeve al'Meara,2510
The Great Hunt,TGH,Ch8: The Dragon Reborn,8,Egwene al'Vere,2312
The Great Hunt,TGH,Ch9: Leavetakings,9,Rand al'Thor,4102
The Great Hunt,TGH,Ch9: Leavetakings,9,Bayle Domon,4052
The Great Hunt,TGH,Ch10: The Hunt Begins,10,Rand al'Thor,8585
The Great Hunt,TGH,Ch11: Glimmers of the Pattern,11,Rand al'Thor,3407
The Great Hunt,TGH,Ch11: Glimmers of the Pattern,11,Padan Fain,1127
The Great Hunt,TGH,Ch12: Woven in the Pattern,12,Egwene al'Vere,5898
The Great Hunt,TGH,Ch13: From Stone to Stone,13,Rand al'Thor,3284
The Great Hunt,TGH,Ch14: Wolf brother,14,Perrin Aybara,3467
The Great Hunt,TGH,Ch15: Kinslayer,15,Rand al'Thor,4728
The Great Hunt,TGH,Ch16: In the Mirror of Darkness,16,Rand al'Thor,6407
The Great Hunt,TGH,Ch17: Choices,17,Rand al'Thor,3111
The Great Hunt,TGH,Ch18: To the White Tower,18,Egwene al'Vere,4665
The Great Hunt,TGH,Ch19: Beneath the Dagger,19,Rand al'Thor,5238
The Great Hunt,TGH,Ch19: Beneath the Dagger,19,Padan Fain,258
The Great Hunt,TGH,Ch20:,20,Rand al'Thor,2677
The Great Hunt,TGH,Ch21: The Nine Rings,21,Rand al'Thor,4394
The Great Hunt,TGH,Ch22: Watchers,22,Moiraine Damodred,5353
The Great Hunt,TGH,Ch23: The Testing,23,Nynaeve al'Meara,7750
The Great Hunt,TGH,Ch24: New Friends and Old Enemies,24,Egwene al'Vere,4221
The Great Hunt,TGH,Ch24: New Friends and Old Enemies,24,Min Farshaw,192
The Great Hunt,TGH,Ch25: Cairhien,25,Rand al'Thor,4584
The Great Hunt,TGH,Ch26: Discord,26,Rand al'Thor,4291
The Great Hunt,TGH,Ch26: Discord,26,Thomdril Merrilin,629
The Great Hunt,TGH,Ch27: The Shadow in the Night,27,Rand al'Thor,5070
The Great Hunt,TGH,Ch28: A New Thread in the Pattern,28,Perrin Aybara,2690
The Great Hunt,TGH,Ch29: Seanchan,29,Geofram Bornhald,1582
The Great Hunt,TGH,Ch29: Seanchan,29,Bayle Domon,5600
The Great Hunt,TGH,Ch30:,30,Rand al'Thor,4507
The Great Hunt,TGH,Ch31: On the Scent,31,Rand al'Thor,1875
The Great Hunt,TGH,Ch31: On the Scent,31,Perrin Aybara,2940
The Great Hunt,TGH,Ch32: Dangerous Words,32,Rand al'Thor,4079
The Great Hunt,TGH,Ch33: A Message From The Dark,33,Rand al'Thor,5831
The Great Hunt,TGH,Ch34: The Wheel Weaves,34,Thomdril Merrilin,2121
The Great Hunt,TGH,Ch34: The Wheel Weaves,34,Padan Fain,3916
The Great Hunt,TGH,Ch35: Stedding,35,Rand al'Thor,4872
The Great Hunt,TGH,Ch36: Among the Elders,36,Rand al'Thor,3494
The Great Hunt,TGH,Ch37: What Might Be,37,Rand al'Thor,4942
The Great Hunt,TGH,Ch38: Practice,38,Egwene al'Vere,4832
The Great Hunt,TGH,Ch39: Flight From the White Tower,39,Egwene al'Vere,5278
The Great Hunt,TGH,Ch40:,40,Egwene al'Vere,4935
The Great Hunt,TGH,Ch40:,40,Nynaeve al'Meara,1741
The Great Hunt,TGH,Ch41: Disagreements,41,Rand al'Thor,3428
The Great Hunt,TGH,Ch42: Falme,42,Nynaeve al'Meara,1679
The Great Hunt,TGH,Ch42: Falme,42,Egwene al'Vere,2979
The Great Hunt,TGH,Ch43: A Plan,43,Min Farshaw,3355
The Great Hunt,TGH,Ch44: Five Will Ride Forth,44,Perrin Aybara,1092
The Great Hunt,TGH,Ch44: Five Will Ride Forth,44,Geofram Bornhald,1084
The Great Hunt,TGH,Ch44: Five Will Ride Forth,44,Rand al'Thor,1561
The Great Hunt,TGH,Ch45: Blademaster,45,Nynaeve al'Meara,2563
The Great Hunt,TGH,Ch45: Blademaster,45,Bayle Domon,178
The Great Hunt,TGH,Ch45: Blademaster,45,Rand al'Thor,5299
The Great Hunt,TGH,Ch46: To Come Out of the Shadow,46,Nynaeve al'Meara,3491
The Great Hunt,TGH,Ch46: To Come Out of the Shadow,46,Bayle Domon,245
The Great Hunt,TGH,Ch46: To Come Out of the Shadow,46,Geofram Bornhald,197
The Great Hunt,TGH,Ch46: To Come Out of the Shadow,46,Rand al'Thor,1157
The Great Hunt,TGH,Ch47: The Grave Is No Bar to My Call,47,Rand al'Thor,1129
The Great Hunt,TGH,Ch47: The Grave Is No Bar to My Call,47,Geofram Bornhald,217
The Great Hunt,TGH,Ch47: The Grave Is No Bar to My Call,47,Rand al'Thor,2751
The Great Hunt,TGH,Ch48: First Claiming,48,Min Farshaw,1830
The Great Hunt,TGH,Ch48: First Claiming,48,Jaret Byar,122
The Great Hunt,TGH,Ch49: What Was Meant To Be,49,Rand al'Thor,2381
The Great Hunt,TGH,Ch50: After,50,Narrator,174
The Great Hunt,TGH,Ch50: After,50,Quote,111
The Dragon Reborn,TDR,Prologue: Fortress of the Light,Prologue,Quote,100
The Dragon Reborn,TDR,Prologue: Fortress of the Light,Prologue,Pedron Niall,5530
The Dragon Reborn,TDR,Prologue: Fortress of the Light,Prologue,Jaichim Carridin,1220
The Dragon Reborn,TDR,Ch1: Waiting,1,Perrin Aybara,4112
The Dragon Reborn,TDR,Ch2:,2,Perrin Aybara,4741
The Dragon Reborn,TDR,Ch3: News from the Plain,3,Perrin Aybara,3529
The Dragon Reborn,TDR,Ch4: Shadows Sleeping,4,Perrin Aybara,2978
The Dragon Reborn,TDR,Ch5: Nightmares Walking,5,Perrin Aybara,4870
The Dragon Reborn,TDR,Ch6: The Hunt Begins,6,Perrin Aybara,5399
The Dragon Reborn,TDR,Ch7: The Way Out of the Mountains,7,Perrin Aybara,2124
The Dragon Reborn,TDR,Ch8: Jarra,8,Perrin Aybara,5512
The Dragon Reborn,TDR,Ch9: Wolf Dreams,9,Perrin Aybara,2255
The Dragon Reborn,TDR,Ch9: Wolf Dreams,9,Rand al'Thor,523
The Dragon Reborn,TDR,Ch10: Secrets,10,Egwene al'Vere,5441
The Dragon Reborn,TDR,Ch11: Tar Valon,11,Egwene al'Vere,3965
The Dragon Reborn,TDR,Ch12: The Amyrlin Seat,12,Siuan Sanche,2088
The Dragon Reborn,TDR,Ch13: Punishments,13,Egwene al'Vere,4489
The Dragon Reborn,TDR,Ch14: The Bite of the Thorns,14,Egwene al'Vere,2759
The Dragon Reborn,TDR,Ch15: The Gray Man,15,Egwene al'Vere,3175
The Dragon Reborn,TDR,Ch16: Hunters Three,16,Egwene al'Vere,3234
The Dragon Reborn,TDR,Ch17: The Red Sister,17,Egwene al'Vere,2294
The Dragon Reborn,TDR,Ch18: Healing,18,Egwene al'Vere,2341
The Dragon Reborn,TDR,Ch19: Awakening,19,Matrim Cauthon,2761
The Dragon Reborn,TDR,Ch20: Visitations,20,Matrim Cauthon,4737
The Dragon Reborn,TDR,Ch21: A World of Dreams,21,Egwene al'Vere,2557
The Dragon Reborn,TDR,Ch21: A World of Dreams,21,Verin Mathwin,221
The Dragon Reborn,TDR,Ch22: The Price of the Ring,22,Egwene al'Vere,8342
The Dragon Reborn,TDR,Ch23: Sealed,23,Egwene al'Vere,3096
The Dragon Reborn,TDR,Ch24: Scouting and Discoveries,24,Matrim Cauthon,5320
The Dragon Reborn,TDR,Ch25: Questions,25,Egwene al'Vere,4015
The Dragon Reborn,TDR,Ch26: Behind a Lock,26,Egwene al'Vere,2708
The Dragon Reborn,TDR,Ch27:,27,Egwene al'Vere,5580
The Dragon Reborn,TDR,Ch28: A Way Out,28,Matrim Cauthon,2692
The Dragon Reborn,TDR,Ch29: A Trap To Spring,29,Nynaeve al'Meara,3401
The Dragon Reborn,TDR,Ch30: The First Toss,30,Matrim Cauthon,4191
The Dragon Reborn,TDR,Ch31: The Woman of Tanchico,31,Matrim Cauthon,2683
The Dragon Reborn,TDR,Ch32: The First Ship,32,Matrim Cauthon,5464
The Dragon Reborn,TDR,Ch32: The First Ship,32,Rand al'Thor,598
The Dragon Reborn,TDR,Ch33: Within the Weave,33,Perrin Aybara,4454
The Dragon Reborn,TDR,Ch34: A Different Dance,34,Perrin Aybara,4158
The Dragon Reborn,TDR,Ch35: The Falcon,35,Perrin Aybara,3225
The Dragon Reborn,TDR,Ch36: Daughter of the Night,36,Perrin Aybara,4072
The Dragon Reborn,TDR,Ch36: Daughter of the Night,36,Rand al'Thor,788
The Dragon Reborn,TDR,Ch37: Fires in Cairhien,37,Egwene al'Vere,4024
The Dragon Reborn,TDR,Ch38: Maidens of the Spear,38,Egwene al'Vere,3672
The Dragon Reborn,TDR,Ch39: Threads in the Pattern,39,Egwene al'Vere,7593
The Dragon Reborn,TDR,Ch40: A Hero in the Night,40,Matrim Cauthon,5947
The Dragon Reborn,TDR,Ch41: A Hunter's Oath,41,Perrin Aybara,3027
The Dragon Reborn,TDR,Ch42: Easing the Badger,42,Perrin Aybara,5636
The Dragon Reborn,TDR,Ch43: Shadowbrothers,43,Perrin Aybara,2878
The Dragon Reborn,TDR,Ch44: Hunted,44,Perrin Aybara,3136
The Dragon Reborn,TDR,Ch44: Hunted,44,Matrim Cauthon,1801
The Dragon Reborn,TDR,Ch45: Caemlyn,45,Matrim Cauthon,3990
The Dragon Reborn,TDR,Ch46: A Message Out of the Shadow,46,Matrim Cauthon,4159
The Dragon Reborn,TDR,Ch47: To Race the Shadow,47,Matrim Cauthon,2955
The Dragon Reborn,TDR,Ch48: Following the Craft,48,Egwene al'Vere,6193
The Dragon Reborn,TDR,Ch49: A Storm in Tear,49,Egwene al'Vere,2341
The Dragon Reborn,TDR,Ch49: A Storm in Tear,49,Matrim Cauthon,5427
The Dragon Reborn,TDR,Ch50: The Hammer,50,Perrin Aybara,6179
The Dragon Reborn,TDR,Ch51: Bait for the Net,51,Nynaeve al'Meara,3499
The Dragon Reborn,TDR,Ch52: In Search of a Remedy,52,Matrim Cauthon,2662
The Dragon Reborn,TDR,Ch53: A Flow of the Spirit,53,Perrin Aybara,2981
The Dragon Reborn,TDR,Ch54: Into the Stone,54,Matrim Cauthon,3813
The Dragon Reborn,TDR,Ch54: Into the Stone,54,Rand al'Thor,139
The Dragon Reborn,TDR,Ch54: Into the Stone,54,Egwene al'Vere,1934
The Dragon Reborn,TDR,Ch54: Into the Stone,54,Perrin Aybara,474
The Dragon Reborn,TDR,Ch54: Into the Stone,54,Matrim Cauthon,973
The Dragon Reborn,TDR,Ch55: What Is Written in Prophecy,55,Rand al'Thor,2213
The Dragon Reborn,TDR,Ch55: What Is Written in Prophecy,55,Egwene al'Vere,1003
The Dragon Reborn,TDR,Ch55: What Is Written in Prophecy,55,Matrim Cauthon,1882
The Dragon Reborn,TDR,Ch55: What Is Written in Prophecy,55,Perrin Aybara,740
The Dragon Reborn,TDR,Ch55: What Is Written in Prophecy,55,Rand al'Thor,1572
The Dragon Reborn,TDR,Ch56: People of the Dragon,56,Narrator,126
The Dragon Reborn,TDR,Ch56: People of the Dragon,56,Matrim Cauthon,2787
The Dragon Reborn,TDR,Ch56: People of the Dragon,56,Quote,76
The Shadow Rising,TSR,Ch1: Seeds of Shadow,1,Quote,108
The Shadow Rising,TSR,Ch1: Seeds of Shadow,1,Min Farshaw,9837
The Shadow Rising,TSR,Ch1: Seeds of Shadow,1,Elaida do Avriny a'Roihan,1423
The Shadow Rising,TSR,Ch1: Seeds of Shadow,1,Dain Bornhald,1836
The Shadow Rising,TSR,Ch1: Seeds of Shadow,1,Suroth Sabelle Meldarath,2668
The Shadow Rising,TSR,Ch2: Whirlpools in the Pattern,2,Perrin Aybara,4376
The Shadow Rising,TSR,Ch2: Whirlpools in the Pattern,2,Matrim Cauthon,5072
The Shadow Rising,TSR,Ch2: Whirlpools in the Pattern,2,Rand al'Thor,5633
The Shadow Rising,TSR,Ch3: Reflection,3,Perrin Aybara,7299
The Shadow Rising,TSR,Ch4: Strings,4,Thomdril Merrilin,2677
The Shadow Rising,TSR,Ch5: Questioners,5,Egwene al'Vere,3927
The Shadow Rising,TSR,Ch6: Doorways,6,Elayne Trakand,7490
The Shadow Rising,TSR,Ch7: Playing With Fire,7,Egwene al'Vere,6418
The Shadow Rising,TSR,Ch8: Hard Heads,8,Elayne Trakand,2725
The Shadow Rising,TSR,Ch8: Hard Heads,8,Rand al'Thor,1333
The Shadow Rising,TSR,Ch8: Hard Heads,8,Egwene al'Vere,1863
The Shadow Rising,TSR,Ch9: Decisions,9,Matrim Cauthon,596
The Shadow Rising,TSR,Ch9: Decisions,9,Perrin Aybara,548
The Shadow Rising,TSR,Ch9: Decisions,9,Egwene al'Vere,779
The Shadow Rising,TSR,Ch9: Decisions,9,Elayne Trakand,417
The Shadow Rising,TSR,Ch9: Decisions,9,Rand al'Thor,3900
The Shadow Rising,TSR,Ch10: The Stone Stands,10,Rand al'Thor,5458
The Shadow Rising,TSR,Ch11: What Lies Hidden,11,Egwene al'Vere,8021
The Shadow Rising,TSR,Ch12: Tanchico or the Tower,12,Elayne Trakand,3463
The Shadow Rising,TSR,Ch13: Rumors,13,Matrim Cauthon,3392
The Shadow Rising,TSR,Ch14: Customs of Mayene,14,Perrin Aybara,1980
The Shadow Rising,TSR,Ch14: Customs of Mayene,14,Faile Bashere,1368
The Shadow Rising,TSR,Ch15: Into the Doorway,15,Matrim Cauthon,4673
The Shadow Rising,TSR,Ch16: Leavetakings,16,Perrin Aybara,3364
The Shadow Rising,TSR,Ch16: Leavetakings,16,Elayne Trakand,1986
The Shadow Rising,TSR,Ch17: Deceptions,17,Thomdril Merrilin,2933
The Shadow Rising,TSR,Ch17: Deceptions,17,Min Farshaw,5172
The Shadow Rising,TSR,Ch17: Deceptions,17,Sahra Covenry,592
The Shadow Rising,TSR,Ch18: Into the Ways,18,Perrin Aybara,4350
The Shadow Rising,TSR,Ch19: The Wavedancer,19,Elayne Trakand,5719
The Shadow Rising,TSR,Ch20: Winds Rising,20,Elayne Trakand,6691
The Shadow Rising,TSR,Ch21: Into the Heart,21,Moiraine Damodred,5648
The Shadow Rising,TSR,Ch22: Out of the Stone,22,Rand al'Thor,6286
The Shadow Rising,TSR,Ch23: Beyond the Stone,23,Egwene al'Vere,9380
The Shadow Rising,TSR,Ch24: Rhuidean,24,Matrim Cauthon,5508
The Shadow Rising,TSR,Ch25: The Road to the Spear,25,Rand al'Thor,6764
The Shadow Rising,TSR,Ch26: The Dedicated,26,Rand al'Thor,8363
The Shadow Rising,TSR,Ch27: Within the Ways,27,Perrin Aybara,4787
The Shadow Rising,TSR,Ch28: To the Tower of Ghenjei,28,Perrin Aybara,4285
The Shadow Rising,TSR,Ch29: Homecoming,29,Perrin Aybara,5812
The Shadow Rising,TSR,Ch30: Beyond the Oak,30,Perrin Aybara,4593
The Shadow Rising,TSR,Ch31: Assurances,31,Perrin Aybara,5120
The Shadow Rising,TSR,Ch31: Assurances,31,Dain Bornhald,2070
The Shadow Rising,TSR,Ch31: Assurances,31,Padan Fain,640
The Shadow Rising,TSR,Ch32: Questions to Be Asked,32,Perrin Aybara,5832
The Shadow Rising,TSR,Ch33: A New Weave in the Pattern,33,Perrin Aybara,8929
The Shadow Rising,TSR,Ch34: He Who Comes With the Dawn,34,Rand al'Thor,7967
The Shadow Rising,TSR,Ch35: Sharp Lessons,35,Egwene al'Vere,5260
The Shadow Rising,TSR,Ch36: Misdirections,36,Rand al'Thor,1777
The Shadow Rising,TSR,Ch36: Misdirections,36,Matrim Cauthon,3335
The Shadow Rising,TSR,Ch37: Imre Stand,37,Rand al'Thor,3832
The Shadow Rising,TSR,Ch37: Imre Stand,37,Matrim Cauthon,4001
The Shadow Rising,TSR,Ch37: Imre Stand,37,Rand al'Thor,313
The Shadow Rising,TSR,Ch38: Hidden Faces,38,Egeanin Tamarath,2182
The Shadow Rising,TSR,Ch38: Hidden Faces,38,Jaichim Carridin,3194
The Shadow Rising,TSR,Ch38: Hidden Faces,38,Liandrin,1931
The Shadow Rising,TSR,Ch38: Hidden Faces,38,Egeanin Tamarath,2154
The Shadow Rising,TSR,Ch39: A Cup of Wine,39,Elayne Trakand,4792
The Shadow Rising,TSR,Ch39: A Cup of Wine,39,Nynaeve al'Meara,1032
The Shadow Rising,TSR,Ch39: A Cup of Wine,39,Elayne Trakand,1611
The Shadow Rising,TSR,Ch40: Hunter of Trollocs,40,Perrin Aybara,5323
The Shadow Rising,TSR,Ch41: Among the,41,Perrin Aybara,3649
The Shadow Rising,TSR,Ch42: A Missing Leaf,42,Perrin Aybara,6113
The Shadow Rising,TSR,Ch43: Care for the Living,43,Perrin Aybara,3698
The Shadow Rising,TSR,Ch44: The Breaking Storm,44,Perrin Aybara,5391
The Shadow Rising,TSR,Ch45: The Tinker's Sword,45,Perrin Aybara,7577
The Shadow Rising,TSR,Ch46: Veils,46,Egeanin Tamarath,1037
The Shadow Rising,TSR,Ch46: Veils,46,Elayne Trakand,6717
The Shadow Rising,TSR,Ch46: Veils,46,Egeanin Tamarath,260
The Shadow Rising,TSR,Ch46: Veils,46,Almurat Mor,130
The Shadow Rising,TSR,Ch47: The Truth of a Viewing,47,Siuan Sanche,2174
The Shadow Rising,TSR,Ch47: The Truth of a Viewing,47,Min Farshaw,866
The Shadow Rising,TSR,Ch47: The Truth of a Viewing,47,Siuan Sanche,644
The Shadow Rising,TSR,Ch47: The Truth of a Viewing,47,Min Farshaw,6829
The Shadow Rising,TSR,Ch48: An Offer Refused,48,Rand al'Thor,5521
The Shadow Rising,TSR,Ch49: Cold Rocks Hold,49,Rand al'Thor,6025
The Shadow Rising,TSR,Ch50: Traps,50,Rand al'Thor,5129
The Shadow Rising,TSR,Ch50: Traps,50,Matrim Cauthon,1724
The Shadow Rising,TSR,Ch51: Revelations in Tanchico,51,Elayne Trakand,6646
The Shadow Rising,TSR,Ch52: Need,52,Nynaeve al'Meara,6589
The Shadow Rising,TSR,Ch52: Need,52,Elayne Trakand,2011
The Shadow Rising,TSR,Ch53: The Price of a Departure,53,Perrin Aybara,7948
The Shadow Rising,TSR,Ch54: Into the Palace,54,Elayne Trakand,5319
The Shadow Rising,TSR,Ch54: Into the Palace,54,Nynaeve al'Meara,3645
The Shadow Rising,TSR,Ch55: Into the Deep,55,Nynaeve al'Meara,3229
The Shadow Rising,TSR,Ch56: Goldeneyes,56,Perrin Aybara,8248
The Shadow Rising,TSR,Ch56: Goldeneyes,56,Padan Fain,514
The Shadow Rising,TSR,Ch57: A Breaking in the Three-fold Land,57,Rand al'Thor,8239
The Shadow Rising,TSR,Ch58: The Traps of Rhuidean,58,Rand al'Thor,6665
The Shadow Rising,TSR,Ch58: The Traps of Rhuidean,58,Quote,68
The Fires of Heaven,TFOH,Prologue: The First Sparks Fall,Prologue,Quote,86
The Fires of Heaven,TFOH,Prologue: The First Sparks Fall,Prologue,Elaida do Avriny a'Roihan,4773
The Fires of Heaven,TFOH,Prologue: The First Sparks Fall,Prologue,Padan Fain,874
The Fires of Heaven,TFOH,Prologue: The First Sparks Fall,Prologue,Rahvin,3456
The Fires of Heaven,TFOH,Ch1: Fanning The Sparks,1,Min Farshaw,8332
The Fires of Heaven,TFOH,Ch1: Fanning The Sparks,1,Gareth Bryne,2357
The Fires of Heaven,TFOH,Ch1: Fanning The Sparks,1,Alteima,3000
The Fires of Heaven,TFOH,Ch1: Fanning The Sparks,1,Morgase Trakand,247
The Fires of Heaven,TFOH,Ch2: Rhuidean,2,Rand al'Thor,9104
The Fires of Heaven,TFOH,Ch3: Pale Shadows,3,Rand al'Thor,3344
The Fires of Heaven,TFOH,Ch3: Pale Shadows,3,Matrim Cauthon,3765
The Fires of Heaven,TFOH,Ch4: Twilight,4,Rand al'Thor,5220
The Fires of Heaven,TFOH,Ch5: Among the Wise Ones,5,Egwene al'Vere,8230
The Fires of Heaven,TFOH,Ch6: Gateways,6,Rand al'Thor,8388
The Fires of Heaven,TFOH,Ch7: A Departure,7,Egwene al'Vere,2933
The Fires of Heaven,TFOH,Ch7: A Departure,7,Moiraine Damodred,1533
The Fires of Heaven,TFOH,Ch8: Over the Border,8,Nynaeve al'Meara,3390
The Fires of Heaven,TFOH,Ch9: A Signal,9,Nynaeve al'Meara,6131
The Fires of Heaven,TFOH,Ch10: Figs and Mice,10,Elayne Trakand,4608
The Fires of Heaven,TFOH,Ch10: Figs and Mice,10,Narrator,841
The Fires of Heaven,TFOH,Ch11: The Nine Horse Hitch,11,Siuan Sanche,3766
The Fires of Heaven,TFOH,Ch11: The Nine Horse Hitch,11,Min Farshaw,792
The Fires of Heaven,TFOH,Ch12: An Old Pipe,12,Gareth Bryne,2619
The Fires of Heaven,TFOH,Ch13: A Small Room in Sienda,13,Elayne Trakand,5285
The Fires of Heaven,TFOH,Ch14: Meetings,14,Nynaeve al'Meara,5010
The Fires of Heaven,TFOH,Ch15: What Can Be Learned in Dreams,15,Nynaeve al'Meara,4724
The Fires of Heaven,TFOH,Ch15: What Can Be Learned in Dreams,15,Egwene al'Vere,3147
The Fires of Heaven,TFOH,Ch16: An Unexpected Offer,16,Nynaeve al'Meara,5979
The Fires of Heaven,TFOH,Ch17: Heading West,17,Nynaeve al'Meara,4582
The Fires of Heaven,TFOH,Ch18: A Hound of Darkness,18,Liandrin,3710
The Fires of Heaven,TFOH,Ch19: Memories,19,Morgase Trakand,7451
The Fires of Heaven,TFOH,Ch19: Memories,19,Padan Fain,1680
The Fires of Heaven,TFOH,Ch20: Jangai Pass,20,Rand al'Thor,3755
The Fires of Heaven,TFOH,Ch21: The Gift of a Blade,21,Rand al'Thor,4428
The Fires of Heaven,TFOH,Ch22: Birdcalls by Night,22,Matrim Cauthon,2430
The Fires of Heaven,TFOH,Ch22: Birdcalls by Night,22,Rand al'Thor,2665
The Fires of Heaven,TFOH,"Ch23: ""The Fifth, I Give You""",23,Egwene al'Vere,3556
The Fires of Heaven,TFOH,Ch24: A Message Sent,24,Egwene al'Vere,4004
The Fires of Heaven,TFOH,Ch25: Dreams of Galad,25,Egwene al'Vere,3553
The Fires of Heaven,TFOH,Ch25: Dreams of Galad,25,Moghedien,269
The Fires of Heaven,TFOH,Ch26: Sallie Daera,26,Min Farshaw,5155
The Fires of Heaven,TFOH,Ch27: The Practice of Diffidence,27,Siuan Sanche,6503
The Fires of Heaven,TFOH,Ch28: Trapped,28,Gareth Bryne,3739
The Fires of Heaven,TFOH,Ch28: Trapped,28,Min Farshaw,1620
The Fires of Heaven,TFOH,Ch29: Memories of Saldaea,29,Hadnan Kadere,2262
The Fires of Heaven,TFOH,Ch30: A Wager,30,Rand al'Thor,3816
The Fires of Heaven,TFOH,Ch31: The Far Snows,31,Rand al'Thor,4564
The Fires of Heaven,TFOH,Ch32: A Short Spear,32,Rand al'Thor,5135
The Fires of Heaven,TFOH,Ch33: A Question of Crimson,33,Nynaeve al'Meara,4784
The Fires of Heaven,TFOH,Ch34: A Silver Arrow,34,Nynaeve al'Meara,4724
The Fires of Heaven,TFOH,Ch34: A Silver Arrow,34,Liandrin,1393
The Fires of Heaven,TFOH,Ch35: Ripped Away,35,Elayne Trakand,3178
The Fires of Heaven,TFOH,Ch36: A New Name,36,Elayne Trakand,6198
The Fires of Heaven,TFOH,Ch37: Performances in Samara,37,Nynaeve al'Meara,4246
The Fires of Heaven,TFOH,Ch38: An Old Acquaintance,38,Nynaeve al'Meara,2791
The Fires of Heaven,TFOH,Ch39: Encounters in Samara,39,Nynaeve al'Meara,7284
The Fires of Heaven,TFOH,Ch40: The Wheel Weaves,40,Nynaeve al'Meara,7737
The Fires of Heaven,TFOH,Ch41: The Craft of Kin Tovere,41,Rand al'Thor,4173
The Fires of Heaven,TFOH,Ch42: Before The Arrow,42,Matrim Cauthon,4767
The Fires of Heaven,TFOH,Ch42: Before The Arrow,42,Rand al'Thor,1328
The Fires of Heaven,TFOH,"Ch43: This Place, This Day",43,Rand al'Thor,3160
The Fires of Heaven,TFOH,"Ch43: This Place, This Day",43,Matrim Cauthon,3938
The Fires of Heaven,TFOH,Ch44: The Lesser Sadness,44,Rand al'Thor,3735
The Fires of Heaven,TFOH,Ch44: The Lesser Sadness,44,Matrim Cauthon,2792
The Fires of Heaven,TFOH,Ch44: The Lesser Sadness,44,Rand al'Thor,2056
The Fires of Heaven,TFOH,Ch45: After the Storm,45,Matrim Cauthon,2769
The Fires of Heaven,TFOH,Ch45: After the Storm,45,Rand al'Thor,3454
The Fires of Heaven,TFOH,"Ch46: Other Battle, Other Weapons",46,Rand al'Thor,7882
The Fires of Heaven,TFOH,Ch47: The Price of A Ship,47,Nynaeve al'Meara,6981
The Fires of Heaven,TFOH,Ch47: The Price of A Ship,47,Elayne Trakand,1659
The Fires of Heaven,TFOH,Ch48: Leavetakings,48,Nynaeve al'Meara,4989
The Fires of Heaven,TFOH,Ch49: To Boannda,49,Nynaeve al'Meara,11647
The Fires of Heaven,TFOH,"Ch50: To Teach, and Learn",50,Nynaeve al'Meara,8004
The Fires of Heaven,TFOH,"Ch50: To Teach, and Learn",50,Elayne Trakand,1490
The Fires of Heaven,TFOH,Ch51: News Comes to Cairhien,51,Rand al'Thor,7301
The Fires of Heaven,TFOH,Ch51: News Comes to Cairhien,51,Egwene al'Vere,573
The Fires of Heaven,TFOH,Ch51: News Comes to Cairhien,51,Matrim Cauthon,1709
The Fires of Heaven,TFOH,Ch52: Choices,52,Rand al'Thor,3339
The Fires of Heaven,TFOH,Ch52: Choices,52,Hadnan Kadere,1258
The Fires of Heaven,TFOH,Ch52: Choices,52,Rand al'Thor,2155
The Fires of Heaven,TFOH,Ch52: Choices,52,Moiraine Damodred,462
The Fires of Heaven,TFOH,Ch53: Fading Words,53,Rand al'Thor,4263
The Fires of Heaven,TFOH,Ch54: To Caemlyn,54,Rand al'Thor,3802
The Fires of Heaven,TFOH,Ch54: To Caemlyn,54,Nynaeve al'Meara,5381
The Fires of Heaven,TFOH,Ch55: The Threads Burn,55,Rand al'Thor,2240
The Fires of Heaven,TFOH,Ch55: The Threads Burn,55,Nynaeve al'Meara,1646
The Fires of Heaven,TFOH,Ch55: The Threads Burn,55,Rand al'Thor,835
The Fires of Heaven,TFOH,Ch55: The Threads Burn,55,Nynaeve al'Meara,1090
The Fires of Heaven,TFOH,Ch55: The Threads Burn,55,Rand al'Thor,355
The Fires of Heaven,TFOH,Ch55: The Threads Burn,55,Nynaeve al'Meara,1347
The Fires of Heaven,TFOH,Ch55: The Threads Burn,55,Rand al'Thor,1087
The Fires of Heaven,TFOH,Ch56: Glowing Embers,56,Rand al'Thor,1901
The Fires of Heaven,TFOH,Ch56: Glowing Embers,56,Asmodean,328
The Fires of Heaven,TFOH,Ch56: Glowing Embers,56,Morgase Trakand,835
The Fires of Heaven,TFOH,Ch56: Glowing Embers,56,Quote,77
Lord of Chaos,LOC,Prologue: The First Message,Prologue,Quote,41
Lord of Chaos,LOC,Prologue: The First Message,Prologue,Demandred,1864
Lord of Chaos,LOC,Prologue: The First Message,Prologue,Nynaeve al'Meara,5063
Lord of Chaos,LOC,Prologue: The First Message,Prologue,Elayne Trakand,4046
Lord of Chaos,LOC,Prologue: The First Message,Prologue,Faile Bashere,6021
Lord of Chaos,LOC,Prologue: The First Message,Prologue,Gawyn Trakand,2591
Lord of Chaos,LOC,Prologue: The First Message,Prologue,Katerine Alruddin,1001
Lord of Chaos,LOC,Prologue: The First Message,Prologue,Sevanna,637
Lord of Chaos,LOC,Prologue: The First Message,Prologue,Morgase Trakand,4374
Lord of Chaos,LOC,Prologue: The First Message,Prologue,Pedron Niall,1280
Lord of Chaos,LOC,Prologue: The First Message,Prologue,Mesaana,1908
Lord of Chaos,LOC,Prologue: The First Message,Prologue,Osan'gar,1272
Lord of Chaos,LOC,Ch1: Lion on the Hill,1,Rand al'Thor,6490
Lord of Chaos,LOC,Ch2: A New Arrival,2,Rand al'Thor,5591
Lord of Chaos,LOC,Ch3: A Woman's Eyes,3,Rand al'Thor,6592
Lord of Chaos,LOC,Ch4: A Sense of Humor,4,Rand al'Thor,7704
Lord of Chaos,LOC,Ch5: A Different Dance,5,Matrim Cauthon,12582
Lord of Chaos,LOC,Ch6: Threads Woven of Shadow,6,Sammael,5102
Lord of Chaos,LOC,Ch6: Threads Woven of Shadow,6,Graendal,986
Lord of Chaos,LOC,Ch6: Threads Woven of Shadow,6,Semirhage,3091
Lord of Chaos,LOC,Ch7: A Matter of Thought,7,Elayne Trakand,11728
Lord of Chaos,LOC,Ch7: A Matter of Thought,7,Demandred,141
Lord of Chaos,LOC,Ch8: The Storm Gathers,8,Nynaeve al'Meara,9990
Lord of Chaos,LOC,Ch9: Plans,9,Pedron Niall,5208
Lord of Chaos,LOC,Ch9: Plans,9,Morgase Trakand,2529
Lord of Chaos,LOC,Ch10: A Saying in the Borderlands,10,Rand al'Thor,8249
Lord of Chaos,LOC,Ch11: Lessons and Teachers,11,Verin Mathwin,3197
Lord of Chaos,LOC,Ch11: Lessons and Teachers,11,Rand al'Thor,2531
Lord of Chaos,LOC,Ch12: Questions and Answers,12,Nynaeve al'Meara,8590
Lord of Chaos,LOC,Ch12: Questions and Answers,12,Narrator,10
Lord of Chaos,LOC,Ch13: Under the Dust,13,Nynaeve al'Meara,7829
Lord of Chaos,LOC,Ch14: Dreams and Nightmares,14,Egwene al'Vere,3651
Lord of Chaos,LOC,Ch14: Dreams and Nightmares,14,Nynaeve al'Meara,2959
Lord of Chaos,LOC,Ch15: A Pile of Sand,15,Egwene al'Vere,4030
Lord of Chaos,LOC,Ch15: A Pile of Sand,15,Elayne Trakand,4328
Lord of Chaos,LOC,Ch15: A Pile of Sand,15,Sheriam Bayanar,129
Lord of Chaos,LOC,Ch16: Tellings of the Wheel,16,Rand al'Thor,5811
Lord of Chaos,LOC,Ch17: The Wheel of a Life,17,Rand al'Thor,5573
Lord of Chaos,LOC,Ch18: A Taste of Solitude,18,Rand al'Thor,4031
Lord of Chaos,LOC,Ch18: A Taste of Solitude,18,Egwene al'Vere,3380
Lord of Chaos,LOC,Ch18: A Taste of Solitude,18,Rand al'Thor,322
Lord of Chaos,LOC,Ch18: A Taste of Solitude,18,Sulin,149
Lord of Chaos,LOC,Ch19: Matters of,19,Rand al'Thor,4365
Lord of Chaos,LOC,Ch19: Matters of,19,Aviendha,654
Lord of Chaos,LOC,Ch20: From the Stedding,20,Rand al'Thor,5045
Lord of Chaos,LOC,Ch21: To Shadar Logoth,21,Rand al'Thor,5347
Lord of Chaos,LOC,Ch22: Heading South,22,Matrim Cauthon,6192
Lord of Chaos,LOC,Ch23: To Understand a Message,23,Graendal,1811
Lord of Chaos,LOC,Ch23: To Understand a Message,23,Sammael,144
Lord of Chaos,LOC,Ch24: An Embassy,24,Egwene al'Vere,4754
Lord of Chaos,LOC,Ch25: Like Lightning and Rain,25,Egwene al'Vere,6090
Lord of Chaos,LOC,Ch25: Like Lightning and Rain,25,Katerine Alruddin,78
Lord of Chaos,LOC,Ch25: Like Lightning and Rain,25,Nesune Bihara,85
Lord of Chaos,LOC,Ch25: Like Lightning and Rain,25,Sarene Nemdahl,1116
Lord of Chaos,LOC,Ch26: Connecting Lines,26,Rand al'Thor,5069
Lord of Chaos,LOC,Ch27: Gifts,27,Egwene al'Vere,8587
Lord of Chaos,LOC,Ch27: Gifts,27,Nesune Bihara,800
Lord of Chaos,LOC,Ch28: Letters,28,Rand al'Thor,6309
Lord of Chaos,LOC,Ch28: Letters,28,Padan Fain,1223
Lord of Chaos,LOC,Ch29: Fire and Spirit,29,Nynaeve al'Meara,4999
Lord of Chaos,LOC,Ch30: To Heal Again,30,Nynaeve al'Meara,3606
Lord of Chaos,LOC,Ch30: To Heal Again,30,Siuan Sanche,1356
Lord of Chaos,LOC,Ch30: To Heal Again,30,Elayne Trakand,2583
Lord of Chaos,LOC,Ch30: To Heal Again,30,Delana Mosalaine,1406
Lord of Chaos,LOC,Ch31: Red Wax,31,Eamon Valda,1659
Lord of Chaos,LOC,Ch31: Red Wax,31,Pedron Niall,885
Lord of Chaos,LOC,Ch31: Red Wax,31,Morgase Trakand,2686
Lord of Chaos,LOC,Ch31: Red Wax,31,Rhadam Asunawa,351
Lord of Chaos,LOC,Ch32: Summoned in Haste,32,Egwene al'Vere,5261
Lord of Chaos,LOC,Ch32: Summoned in Haste,32,Rand al'Thor,210
Lord of Chaos,LOC,Ch33: Courage to Strengthen,33,Egwene al'Vere,930
Lord of Chaos,LOC,Ch33: Courage to Strengthen,33,Matrim Cauthon,3469
Lord of Chaos,LOC,Ch33: Courage to Strengthen,33,Egwene al'Vere,1657
Lord of Chaos,LOC,Ch34: Journey to Salidar,34,Egwene al'Vere,3062
Lord of Chaos,LOC,Ch35: In the Hall of the Sitters,35,Egwene al'Vere,3774
Lord of Chaos,LOC,Ch36: The Amyrlin Is Raised,36,Egwene al'Vere,5520
Lord of Chaos,LOC,Ch37: When Battle Begins,37,Egwene al'Vere,3553
Lord of Chaos,LOC,Ch37: When Battle Begins,37,Romanda Cassin,200
Lord of Chaos,LOC,Ch37: When Battle Begins,37,Lelaine Akashi,160
Lord of Chaos,LOC,Ch37: When Battle Begins,37,Delana Mosalaine,305
Lord of Chaos,LOC,Ch37: When Battle Begins,37,Siuan Sanche,284
Lord of Chaos,LOC,Ch37: When Battle Begins,37,Nynaeve al'Meara,231
Lord of Chaos,LOC,Ch37: When Battle Begins,37,Elayne Trakand,446
Lord of Chaos,LOC,Ch37: When Battle Begins,37,Egwene al'Vere,108
Lord of Chaos,LOC,Ch38: A Sudden Chill,38,Matrim Cauthon,4800
Lord of Chaos,LOC,Ch39: Possibilities,39,Egwene al'Vere,5713
Lord of Chaos,LOC,Ch40: Unexpected Laughter,40,Matrim Cauthon,2182
Lord of Chaos,LOC,Ch40: Unexpected Laughter,40,Elayne Trakand,2627
Lord of Chaos,LOC,Ch41: A Threat,41,Min Farshaw,1687
Lord of Chaos,LOC,Ch41: A Threat,41,Rand al'Thor,5882
Lord of Chaos,LOC,Ch42: The Black Tower,42,Rand al'Thor,4879
Lord of Chaos,LOC,Ch43: The Crown of Roses,43,Merana Ambrey,2810
Lord of Chaos,LOC,Ch43: The Crown of Roses,43,Dyelin Taravin,102
Lord of Chaos,LOC,Ch43: The Crown of Roses,43,Luan Norwelyn,109
Lord of Chaos,LOC,Ch43: The Crown of Roses,43,Ellorien Traemane,83
Lord of Chaos,LOC,Ch44: The Color of Trust,44,Matrim Cauthon,5657
Lord of Chaos,LOC,Ch44: The Color of Trust,44,Egwene al'Vere,276
Lord of Chaos,LOC,Ch45: A Bitter Thought,45,Vilnar Barada,879
Lord of Chaos,LOC,Ch45: A Bitter Thought,45,Perrin Aybara,4550
Lord of Chaos,LOC,Ch46: Beyond the Gate,46,Perrin Aybara,3382
Lord of Chaos,LOC,Ch46: Beyond the Gate,46,Rand al'Thor,1691
Lord of Chaos,LOC,Ch46: Beyond the Gate,46,Demira Eriff,920
Lord of Chaos,LOC,Ch46: Beyond the Gate,46,Perrin Aybara,1288
Lord of Chaos,LOC,Ch46: Beyond the Gate,46,Demira Eriff,1298
Lord of Chaos,LOC,Ch47: The Wandering Woman,47,Matrim Cauthon,5999
Lord of Chaos,LOC,Ch48: Leaning on the Knife,48,Nynaeve al'Meara,5087
Lord of Chaos,LOC,Ch49: The Mirror of Mists,49,Rand al'Thor,4144
Lord of Chaos,LOC,Ch49: The Mirror of Mists,49,Min Farshaw,1698
Lord of Chaos,LOC,Ch49: The Mirror of Mists,49,Rand al'Thor,1851
Lord of Chaos,LOC,Ch49: The Mirror of Mists,49,Merana Ambrey,2114
Lord of Chaos,LOC,Ch50: Thorns,50,Rand al'Thor,4328
Lord of Chaos,LOC,Ch50: Thorns,50,Perrin Aybara,2519
Lord of Chaos,LOC,Ch50: Thorns,50,Rand al'Thor,285
Lord of Chaos,LOC,Ch51: The Taking,51,Rand al'Thor,1451
Lord of Chaos,LOC,Ch51: The Taking,51,Bain,280
Lord of Chaos,LOC,Ch51: The Taking,51,Perrin Aybara,248
Lord of Chaos,LOC,Ch51: The Taking,51,Rand al'Thor,557
Lord of Chaos,LOC,Ch51: The Taking,51,Sorilea,205
Lord of Chaos,LOC,Ch52: Weaves of the Power,52,Matrim Cauthon,1761
Lord of Chaos,LOC,Ch52: Weaves of the Power,52,Elayne Trakand,2171
Lord of Chaos,LOC,Ch52: Weaves of the Power,52,Egwene al'Vere,3071
Lord of Chaos,LOC,Ch52: Weaves of the Power,52,Myrelle Berengari,588
Lord of Chaos,LOC,Ch53: The Feast of Lights,53,Perrin Aybara,4400
Lord of Chaos,LOC,Ch53: The Feast of Lights,53,Galina Casban,896
Lord of Chaos,LOC,Ch53: The Feast of Lights,53,Rand al'Thor,1663
Lord of Chaos,LOC,Ch53: The Feast of Lights,53,Galina Casban,336
Lord of Chaos,LOC,Ch53: The Feast of Lights,53,Sevanna,322
Lord of Chaos,LOC,Ch54: The Sending,54,Perrin Aybara,8863
Lord of Chaos,LOC,Ch55: Dumai's Well,55,Gawyn Trakand,872
Lord of Chaos,LOC,Ch55: Dumai's Well,55,Rand al'Thor,678
Lord of Chaos,LOC,Ch55: Dumai's Well,55,Perrin Aybara,2082
Lord of Chaos,LOC,Ch55: Dumai's Well,55,Rand al'Thor,5470
Lord of Chaos,LOC,Epilogue: The Answer,Epilogue,Falion Bhoda,314
Lord of Chaos,LOC,Epilogue: The Answer,Epilogue,Narrator,120
Lord of Chaos,LOC,Epilogue: The Answer,Epilogue,Seanchan Rider,129
Lord of Chaos,LOC,Epilogue: The Answer,Epilogue,Moghedien,583
Lord of Chaos,LOC,Epilogue: The Answer,Epilogue,Egwene al'Vere,154
Lord of Chaos,LOC,Epilogue: The Answer,Epilogue,Demandred,39
Lord of Chaos,LOC,Epilogue: The Answer,Epilogue,Quote,71
A Crown of Swords,ACOS,Prologue: Lightnings,Prologue,Quote,103
A Crown of Swords,ACOS,Prologue: Lightnings,Prologue,Elaida do Avriny a'Roihan,6480
A Crown of Swords,ACOS,Prologue: Lightnings,Prologue,Sevanna,5304
A Crown of Swords,ACOS,Prologue: Lightnings,Prologue,Alviarin Freidhen,2329
A Crown of Swords,ACOS,Prologue: Lightnings,Prologue,Pedron Niall,2313
A Crown of Swords,ACOS,Prologue: Lightnings,Prologue,Eamon Valda,1079
A Crown of Swords,ACOS,Prologue: Lightnings,Prologue,Gawyn Trakand,1959
A Crown of Swords,ACOS,Ch1: High Chasaline,1,Perrin Aybara,5983
A Crown of Swords,ACOS,Ch2: The Butcher's Yard,2,Perrin Aybara,9708
A Crown of Swords,ACOS,Ch3: Hill of the Golden Dawn,3,Perrin Aybara,6409
A Crown of Swords,ACOS,Ch4: Into Cairhien,4,Perrin Aybara,5032
A Crown of Swords,ACOS,Ch5: A Broken Crown,5,Perrin Aybara,5034
A Crown of Swords,ACOS,"Ch6: Old Fear, and New Fear",6,Perrin Aybara,4401
A Crown of Swords,ACOS,Ch7: Pitfalls and Tripwires,7,Rand al'Thor,7930
A Crown of Swords,ACOS,Ch8: The Figurehead,8,Egwene al'Vere,4886
A Crown of Swords,ACOS,Ch9: A Pair of Silverpike,9,Egwene al'Vere,8177
A Crown of Swords,ACOS,Ch10: Unseen Eyes,10,Egwene al'Vere,8530
A Crown of Swords,ACOS,Ch11: An Oath,11,Egwene al'Vere,7968
A Crown of Swords,ACOS,Ch12: A Morning of Victory,12,Egwene al'Vere,13402
A Crown of Swords,ACOS,Ch13: The Bowl of the Winds,13,Aviendha,7648
A Crown of Swords,ACOS,Ch14: White Plumes,14,Matrim Cauthon,6557
A Crown of Swords,ACOS,Ch15: Insects,15,Jaichim Carridin,3379
A Crown of Swords,ACOS,Ch16: A Touch on the Cheek,16,Matrim Cauthon,5637
A Crown of Swords,ACOS,Ch17: The Triumph of Logic,17,Matrim Cauthon,3809
A Crown of Swords,ACOS,Ch17: The Triumph of Logic,17,Joline Maza,1527
A Crown of Swords,ACOS,Ch17: The Triumph of Logic,17,Falion Bhoda,1479
A Crown of Swords,ACOS,Ch17: The Triumph of Logic,17,Noal Charin,314
A Crown of Swords,ACOS,Ch18: As the Plow Breaks the Earth,18,Rand al'Thor,6010
A Crown of Swords,ACOS,Ch19: Diamonds and Stars,19,Merana Ambrey,3992
A Crown of Swords,ACOS,Ch19: Diamonds and Stars,19,Min Farshaw,1535
A Crown of Swords,ACOS,Ch19: Diamonds and Stars,19,Cadsuane Melaidhrin,425
A Crown of Swords,ACOS,Ch20: Patterns Within Patterns,20,Sevanna,3482
A Crown of Swords,ACOS,Ch20: Patterns Within Patterns,20,Moridin,1115
A Crown of Swords,ACOS,Ch21: Swovan Night,21,Matrim Cauthon,2290
A Crown of Swords,ACOS,Ch21: Swovan Night,21,Nynaeve al'Meara,3288
A Crown of Swords,ACOS,Ch22: Small Sacrifices,22,Elayne Trakand,6259
A Crown of Swords,ACOS,Ch23: Next Door to a Weaver,23,Nynaeve al'Meara,7280
A Crown of Swords,ACOS,Ch24: The Kin,24,Reanne Corly,1242
A Crown of Swords,ACOS,Ch24: The Kin,24,Nynaeve al'Meara,2245
A Crown of Swords,ACOS,Ch25: Mindtrap,25,Moghedien,3717
A Crown of Swords,ACOS,Ch26: The Irrevocable Words,26,Morgase Trakand,8489
A Crown of Swords,ACOS,Ch27: To Be Alone,27,Perrin Aybara,3712
A Crown of Swords,ACOS,Ch28: Bread and Cheese,28,Matrim Cauthon,6692
A Crown of Swords,ACOS,Ch29: The Festival of Birds,29,Matrim Cauthon,4706
A Crown of Swords,ACOS,Ch29: The Festival of Birds,29,Reanne Corly,274
A Crown of Swords,ACOS,Ch30: The First Cup,30,Elayne Trakand,3212
A Crown of Swords,ACOS,Ch30: The First Cup,30,Moghedien,1195
A Crown of Swords,ACOS,Ch31:,31,Nynaeve al'Meara,4645
A Crown of Swords,ACOS,Ch31:,31,Elayne Trakand,2722
A Crown of Swords,ACOS,Ch32: Sealed to the Flame,32,Elaida do Avriny a'Roihan,3207
A Crown of Swords,ACOS,Ch32: Sealed to the Flame,32,Alviarin Freidhen,217
A Crown of Swords,ACOS,Ch32: Sealed to the Flame,32,Seaine Herimon,3228
A Crown of Swords,ACOS,Ch33: A Bath,33,Rand al'Thor,4831
A Crown of Swords,ACOS,Ch34:,34,Rand al'Thor,5652
A Crown of Swords,ACOS,Ch35: Into the Woods,35,Min Farshaw,6579
A Crown of Swords,ACOS,Ch36: Blades,36,Min Farshaw,8114
A Crown of Swords,ACOS,Ch37: A Note from the Palace,37,Matrim Cauthon,3791
A Crown of Swords,ACOS,Ch38: Six Stories,38,Matrim Cauthon,9085
A Crown of Swords,ACOS,Ch39: Promises to Keep,39,Matrim Cauthon,8554
A Crown of Swords,ACOS,Ch40: Spears,40,Galina Casban,2690
A Crown of Swords,ACOS,Ch40: Spears,40,Sevanna,1772
A Crown of Swords,ACOS,Ch40: Spears,40,Maeric,1127
A Crown of Swords,ACOS,Ch40: Spears,40,Graendal,551
A Crown of Swords,ACOS,Ch40: Spears,40,Shaidar Haran,230
A Crown of Swords,ACOS,Ch41: A Crown of Swords,41,Rand al'Thor,11891
A Crown of Swords,ACOS,Ch41: A Crown of Swords,41,Narrator,231
A Crown of Swords,ACOS,Ch41: A Crown of Swords,41,Quote,65
The Path of Daggers,TPOD,Prologue: Deceptive Appearances,Prologue,Quote,52
The Path of Daggers,TPOD,Prologue: Deceptive Appearances,Prologue,Ethenielle Cosaru Noramaga,3917
The Path of Daggers,TPOD,Prologue: Deceptive Appearances,Prologue,Verin Mathwin,7309
The Path of Daggers,TPOD,Prologue: Deceptive Appearances,Prologue,Moridin,863
The Path of Daggers,TPOD,Ch1: To Keep the Bargain,1,Aviendha,8460
The Path of Daggers,TPOD,Ch2: Unweaving,2,Elayne Trakand,5893
The Path of Daggers,TPOD,Ch2: Unweaving,2,Moridin,1015
The Path of Daggers,TPOD,Ch2: Unweaving,2,Gholam,402
The Path of Daggers,TPOD,Ch3: A Pleasant Ride,3,Elayne Trakand,5029
The Path of Daggers,TPOD,Ch4: A Quiet Place,4,Elayne Trakand,5477
The Path of Daggers,TPOD,Ch5: The Breaking Storm,5,Elayne Trakand,7722
The Path of Daggers,TPOD,Ch6: Threads,6,Elayne Trakand,8456
The Path of Daggers,TPOD,Ch6: Threads,6,Chulein,1231
The Path of Daggers,TPOD,Ch7: A Goatpen,7,Perrin Aybara,6470
The Path of Daggers,TPOD,Ch8: A Simple Country Woman,8,Perrin Aybara,6891
The Path of Daggers,TPOD,Ch8: A Simple Country Woman,8,Faile Bashere,2314
The Path of Daggers,TPOD,Ch8: A Simple Country Woman,8,Morgase Trakand,1373
The Path of Daggers,TPOD,Ch9: Tangles,9,Perrin Aybara,7786
The Path of Daggers,TPOD,Ch10: Changes,10,Perrin Aybara,6231
The Path of Daggers,TPOD,Ch10: Changes,10,Faile Bashere,1780
The Path of Daggers,TPOD,Ch10: Changes,10,Perrin Aybara,1058
The Path of Daggers,TPOD,Ch11: Questions and an Oath,11,Sevanna,3223
The Path of Daggers,TPOD,Ch11: Questions and an Oath,11,Galina Casban,3476
The Path of Daggers,TPOD,Ch12: New Alliances,12,Graendal,3055
The Path of Daggers,TPOD,Ch12: New Alliances,12,Cadsuane Melaidhrin,5247
The Path of Daggers,TPOD,Ch13: Floating Like Snow,13,Rand al'Thor,4531
The Path of Daggers,TPOD,Ch14: Message from the M'Hael,14,Rand al'Thor,5471
The Path of Daggers,TPOD,Ch15: Stronger than Written Law,15,Egwene al'Vere,6755
The Path of Daggers,TPOD,Ch16: Unexpected Absences,16,Egwene al'Vere,2878
The Path of Daggers,TPOD,Ch16: Unexpected Absences,16,Aran'gar,255
The Path of Daggers,TPOD,Ch16: Unexpected Absences,16,Egwene al'Vere,4878
The Path of Daggers,TPOD,Ch16: Unexpected Absences,16,Sheriam Bayanar,168
The Path of Daggers,TPOD,Ch17: Out on the Ice,17,Egwene al'Vere,5848
The Path of Daggers,TPOD,Ch18: A Peculiar Calling,18,Egwene al'Vere,3991
The Path of Daggers,TPOD,Ch19: The Law,19,Egwene al'Vere,6784
The Path of Daggers,TPOD,Ch20: Into Andor,20,Elayne Trakand,6200
The Path of Daggers,TPOD,Ch21: Answering the Summons,21,Rand al'Thor,5857
The Path of Daggers,TPOD,Ch22: Gathering Clouds,22,Rand al'Thor,3727
The Path of Daggers,TPOD,Ch22: Gathering Clouds,22,Assid Bakuun,1403
The Path of Daggers,TPOD,"Ch23: Fog of War, Storm of Battle",23,Rand al'Thor,2766
The Path of Daggers,TPOD,"Ch23: Fog of War, Storm of Battle",23,Furyk Karede,1603
The Path of Daggers,TPOD,"Ch23: Fog of War, Storm of Battle",23,Rand al'Thor,3655
The Path of Daggers,TPOD,Ch24: A Time for Iron,24,Kennar Miraj,2540
The Path of Daggers,TPOD,Ch24: A Time for Iron,24,Rand al'Thor,3226
The Path of Daggers,TPOD,Ch24: A Time for Iron,24,Kennar Miraj,649
The Path of Daggers,TPOD,Ch24: A Time for Iron,24,Bertome Saighan,1141
The Path of Daggers,TPOD,Ch24: A Time for Iron,24,Varek,1308
The Path of Daggers,TPOD,Ch24: A Time for Iron,24,Davram Bashere,776
The Path of Daggers,TPOD,Ch24: A Time for Iron,24,Rand al'Thor,2531
The Path of Daggers,TPOD,Ch24: A Time for Iron,24,Abaldar Yulan,117
The Path of Daggers,TPOD,Ch25: An Unwelcome Return,25,Elaida do Avriny a'Roihan,3509
The Path of Daggers,TPOD,Ch25: An Unwelcome Return,25,Alviarin Freidhen,629
The Path of Daggers,TPOD,Ch26: The Extra Bit,26,Seaine Herimon,5314
The Path of Daggers,TPOD,Ch26: The Extra Bit,26,Toveine Gazal,1904
The Path of Daggers,TPOD,Ch27: The Bargain,27,Min Farshaw,6473
The Path of Daggers,TPOD,Ch27: The Bargain,27,Rand al'Thor,2682
The Path of Daggers,TPOD,Ch28: Crimsonthorn,28,Elayne Trakand,4207
The Path of Daggers,TPOD,Ch28: Crimsonthorn,28,Daved Hanlon,1303
The Path of Daggers,TPOD,Ch29: A Cup of Sleep,29,Min Farshaw,3594
The Path of Daggers,TPOD,Ch29: A Cup of Sleep,29,Rand al'Thor,1989
The Path of Daggers,TPOD,Ch29: A Cup of Sleep,29,Min Farshaw,1104
The Path of Daggers,TPOD,Ch30: Beginnings,30,Perrin Aybara,2700
The Path of Daggers,TPOD,Ch30: Beginnings,30,Faile Bashere,2365
The Path of Daggers,TPOD,Ch30: Beginnings,30,Egwene al'Vere,964
The Path of Daggers,TPOD,Ch31: After,31,Narrator,319
Winter's Heart,WH,Prologue: Snow,Prologue,Quote,54
Winter's Heart,WH,Prologue: Snow,Prologue,Seaine Herimon,3594
Winter's Heart,WH,Prologue: Snow,Prologue,Elayne Trakand,12438
Winter's Heart,WH,Prologue: Snow,Prologue,Toveine Gazal,5901
Winter's Heart,WH,Prologue: Snow,Prologue,Rand al'Thor,5209
Winter's Heart,WH,Ch1: Leaving the Prophet,1,Perrin Aybara,4065
Winter's Heart,WH,Ch2: Taken,2,Perrin Aybara,5321
Winter's Heart,WH,Ch3: Customs,3,Faile Bashere,4694
Winter's Heart,WH,Ch4: Offers,4,Faile Bashere,6829
Winter's Heart,WH,Ch5: Flags,5,Perrin Aybara,4042
Winter's Heart,WH,Ch6: The Scent of Madness,6,Perrin Aybara,6850
Winter's Heart,WH,Ch7: The Streets of Caemlyn,7,Elayne Trakand,6384
Winter's Heart,WH,Ch8: Sea Folk and Kin,8,Elayne Trakand,7313
Winter's Heart,WH,Ch9: A Cup of Tea,9,Elayne Trakand,4764
Winter's Heart,WH,Ch10: A Plan Succeeds,10,Elayne Trakand,7551
Winter's Heart,WH,Ch10: A Plan Succeeds,10,Asne Zeramene,1662
Winter's Heart,WH,Ch10: A Plan Succeeds,10,Mili Skane,1087
Winter's Heart,WH,Ch11: Ideas of Importance,11,Rand al'Thor,2675
Winter's Heart,WH,Ch11: Ideas of Importance,11,Nynaeve al'Meara,7571
Winter's Heart,WH,Ch12: A Lily in Winter,12,Elayne Trakand,5731
Winter's Heart,WH,Ch12: A Lily in Winter,12,Min Farshaw,2706
Winter's Heart,WH,Ch12: A Lily in Winter,12,Elayne Trakand,343
Winter's Heart,WH,Ch13: Wonderful News,13,Cadsuane Melaidhrin,4589
Winter's Heart,WH,Ch13: Wonderful News,13,Demandred,2238
Winter's Heart,WH,Ch14: What a Veil Hides,14,Tuon Athaem Kore Paendrag,3630
Winter's Heart,WH,Ch15: In Need of a Bellfounder,15,Matrim Cauthon,4409
Winter's Heart,WH,Ch16: An Unexpected Encounter,16,Matrim Cauthon,5996
Winter's Heart,WH,Ch17: Pink Ribbons,17,Matrim Cauthon,6313
Winter's Heart,WH,Ch18: An Offer,18,Matrim Cauthon,5968
Winter's Heart,WH,Ch19: Three Women,19,Matrim Cauthon,6074
Winter's Heart,WH,Ch20: Questions of Treason,20,Bethamin Zeami,4950
Winter's Heart,WH,Ch21: A Matter of Property,21,Egeanin Tamarath,4622
Winter's Heart,WH,Ch22: Out of Thin Air,22,Rand al'Thor,3433
Winter's Heart,WH,Ch22: Out of Thin Air,22,Raefar Kisman,771
Winter's Heart,WH,Ch22: Out of Thin Air,22,Rand al'Thor,1789
Winter's Heart,WH,Ch22: Out of Thin Air,22,Slayer,705
Winter's Heart,WH,Ch23: To Lose the Sun,23,Shalon din Togara Morning Tide,6617
Winter's Heart,WH,Ch24: Among the Counsels,24,Shalon din Togara Morning Tide,4734
Winter's Heart,WH,Ch25: Bonds,25,Rand al'Thor,4618
Winter's Heart,WH,Ch25: Bonds,25,Verin Mathwin,1116
Winter's Heart,WH,Ch26: Expectation,26,Elayne Trakand,6314
Winter's Heart,WH,Ch27: To Surprise Queens and Kings,27,Elayne Trakand,7222
Winter's Heart,WH,Ch28: News in a Cloth Sack,28,Matrim Cauthon,6734
Winter's Heart,WH,Ch29: Another Plan,29,Matrim Cauthon,6136
Winter's Heart,WH,"Ch30: Cold, Fat Raindrops",30,Matrim Cauthon,3726
Winter's Heart,WH,Ch31: What the Aelfinn Said,31,Matrim Cauthon,5102
Winter's Heart,WH,Ch32: A Portion of Wisdom,32,Rand al'Thor,5309
Winter's Heart,WH,Ch33: Blue Carp Street,33,Min Farshaw,1411
Winter's Heart,WH,Ch33: Blue Carp Street,33,Rand al'Thor,3359
Winter's Heart,WH,Ch34: The Hummingbird's Secret,34,Nynaeve al'Meara,1189
Winter's Heart,WH,Ch34: The Hummingbird's Secret,34,Rand al'Thor,621
Winter's Heart,WH,Ch34: The Hummingbird's Secret,34,Cadsuane Melaidhrin,1685
Winter's Heart,WH,Ch35: With the,35,Rand al'Thor,3924
Winter's Heart,WH,Ch35: With the,35,Elza Penfell,584
Winter's Heart,WH,Ch35: With the,35,Barmellin,277
Winter's Heart,WH,Ch35: With the,35,Timna,186
Winter's Heart,WH,Ch35: With the,35,Cyndane,305
Winter's Heart,WH,Ch35: With the,35,Cadsuane Melaidhrin,368
Winter's Heart,WH,Ch35: With the,35,Rand al'Thor,141
Winter's Heart,WH,Ch35: With the,35,Demandred,749
Winter's Heart,WH,Ch35: With the,35,Cyndane,119
Winter's Heart,WH,Ch35: With the,35,Osan'gar,396
Winter's Heart,WH,Ch35: With the,35,Verin Mathwin,225
Winter's Heart,WH,Ch35: With the,35,Eben Hopwil,474
Winter's Heart,WH,Ch35: With the,35,Cyndane,398
Winter's Heart,WH,Ch35: With the,35,Moghedien,305
Winter's Heart,WH,Ch35: With the,35,Rand al'Thor,120
Winter's Heart,WH,Ch35: With the,35,Cadsuane Melaidhrin,627
Winter's Heart,WH,Ch35: With the,35,Osan'gar,236
Winter's Heart,WH,Ch35: With the,35,Elza Penfell,217
Winter's Heart,WH,Ch35: With the,35,Moghedien,342
Winter's Heart,WH,Ch35: With the,35,Cadsuane Melaidhrin,620
Winter's Heart,WH,Ch35: With the,35,Narrator,48
Crossroads of Twilight,COT,Prologue: Glimmers of the Pattern,Prologue,Quote,80
Crossroads of Twilight,COT,Prologue: Glimmers of the Pattern,Prologue,Rodel Ituralde,4927
Crossroads of Twilight,COT,Prologue: Glimmers of the Pattern,Prologue,Eamon Valda,1644
Crossroads of Twilight,COT,Prologue: Glimmers of the Pattern,Prologue,Gabrelle,2873
Crossroads of Twilight,COT,Prologue: Glimmers of the Pattern,Prologue,Yukiri,6188
Crossroads of Twilight,COT,Prologue: Glimmers of the Pattern,Prologue,Gawyn Trakand,3014
Crossroads of Twilight,COT,Prologue: Glimmers of the Pattern,Prologue,Davram Bashere,4320
Crossroads of Twilight,COT,Prologue: Glimmers of the Pattern,Prologue,Samitsu,9655
Crossroads of Twilight,COT,Ch1: Time to Be Gone,1,Matrim Cauthon,7864
Crossroads of Twilight,COT,Ch2: Two Captains,2,Matrim Cauthon,5996
Crossroads of Twilight,COT,Ch3: A Fan of Colors,3,Matrim Cauthon,9834
Crossroads of Twilight,COT,Ch4: A Tale of a Doll,4,Furyk Karede,5721
Crossroads of Twilight,COT,Ch5: The Forging of a Hammer,5,Perrin Aybara,8846
Crossroads of Twilight,COT,Ch6: The Scent of a Dream,6,Perrin Aybara,5625
Crossroads of Twilight,COT,Ch7: Blacksmith's Puzzle,7,Perrin Aybara,5957
Crossroads of Twilight,COT,Ch8: Whirlpools of Color,8,Perrin Aybara,7690
Crossroads of Twilight,COT,Ch9: Traps,9,Faile Bashere,11636
Crossroads of Twilight,COT,Ch10: A Blazing Beacon,10,Elayne Trakand,7019
Crossroads of Twilight,COT,Ch11: Talk of Debts,11,Elayne Trakand,6885
Crossroads of Twilight,COT,Ch12: A Bargain,12,Elayne Trakand,6643
Crossroads of Twilight,COT,Ch13: High Seats,13,Elayne Trakand,6782
Crossroads of Twilight,COT,Ch14: What Wise Ones Know,14,Elayne Trakand,8858
Crossroads of Twilight,COT,Ch15: Gathering Darkness,15,Elenia Sarand,6642
Crossroads of Twilight,COT,Ch15: Gathering Darkness,15,Daved Hanlon,6287
Crossroads of Twilight,COT,Ch16: The Subject of Negotiations,16,Egwene al'Vere,7357
Crossroads of Twilight,COT,Ch17: Secrets,17,Delana Mosalaine,248
Crossroads of Twilight,COT,Ch17: Secrets,17,Egwene al'Vere,10363
Crossroads of Twilight,COT,Ch18: A Chat with Siuan,18,Egwene al'Vere,7445
Crossroads of Twilight,COT,Ch19: Surprises,19,Egwene al'Vere,9803
Crossroads of Twilight,COT,Ch20: In the Night,20,Egwene al'Vere,8034
Crossroads of Twilight,COT,Ch21: A Mark,21,Alviarin Freidhen,8132
Crossroads of Twilight,COT,Ch22: One Answer,22,Pevara Tazanovni,2392
Crossroads of Twilight,COT,Ch23: Ornaments,23,Cadsuane Melaidhrin,6551
Crossroads of Twilight,COT,Ch24: A Strengthening Storm,24,Rand al'Thor,4231
Crossroads of Twilight,COT,Ch24: A Strengthening Storm,24,Cadsuane Melaidhrin,761
Crossroads of Twilight,COT,Ch24: A Strengthening Storm,24,Rand al'Thor,1384
Crossroads of Twilight,COT,Ch24: A Strengthening Storm,24,Elza Penfell,424
Crossroads of Twilight,COT,Ch25: When to Wear Jewels,25,Perrin Aybara,4360
Crossroads of Twilight,COT,Ch26: In So Habor,26,Perrin Aybara,5462
Crossroads of Twilight,COT,Ch27: What Must Be Done,27,Perrin Aybara,6558
Crossroads of Twilight,COT,Ch28: A Cluster of Rosebuds,28,Matrim Cauthon,10355
Crossroads of Twilight,COT,Ch29: Something Flickers,29,Matrim Cauthon,8628
Crossroads of Twilight,COT,Ch30: What the Oath Rod Can Do,30,Egwene al'Vere,10877
Crossroads of Twilight,COT,Epilogue: An Answer,Epilogue,Rand al'Thor,263
Crossroads of Twilight,COT,Epilogue: An Answer,Epilogue,Quote,55
Knife of Dreams,KOD,Prologue: Embers Falling on Dry Grass,Prologue,Quote,22
Knife of Dreams,KOD,Prologue: Embers Falling on Dry Grass,Prologue,Galadedrid Damodred,5567
Knife of Dreams,KOD,Prologue: Embers Falling on Dry Grass,Prologue,Rodel Ituralde,2965
Knife of Dreams,KOD,Prologue: Embers Falling on Dry Grass,Prologue,Suroth Sabelle Meldarath,6208
Knife of Dreams,KOD,Prologue: Embers Falling on Dry Grass,Prologue,Pevara Tazanovni,5700
Knife of Dreams,KOD,Prologue: Embers Falling on Dry Grass,Prologue,Alviarin Freidhen,2479
Knife of Dreams,KOD,Prologue: Embers Falling on Dry Grass,Prologue,Galina Casban,6408
Knife of Dreams,KOD,Prologue: Embers Falling on Dry Grass,Prologue,Egwene al'Vere,7307
Knife of Dreams,KOD,Ch1: When Last Sounds,1,Siuan Sanche,7785
Knife of Dreams,KOD,Ch2: The Dark One's Touch,2,Beonin Marinye,4906
Knife of Dreams,KOD,Ch2: The Dark One's Touch,2,Elaida do Avriny a'Roihan,4226
Knife of Dreams,KOD,Ch3: At the Gardens,3,Aran'gar,3423
Knife of Dreams,KOD,Ch4: A Deal,4,Perrin Aybara,5705
Knife of Dreams,KOD,Ch5: Something Strange,5,Faile Bashere,6856
Knife of Dreams,KOD,Ch6: A Stave and a Razor,6,Matrim Cauthon,6706
Knife of Dreams,KOD,Ch7: A Cold Medallion,7,Matrim Cauthon,4959
Knife of Dreams,KOD,Ch8: Dragons' Eggs,8,Matrim Cauthon,10979
Knife of Dreams,KOD,Ch9: A Short Path,9,Matrim Cauthon,6055
Knife of Dreams,KOD,Ch10: A Village in Shiota,10,Matrim Cauthon,8187
Knife of Dreams,KOD,Ch11: A Hell in Maderin,11,Matrim Cauthon,10577
Knife of Dreams,KOD,Ch12: A Manufactory,12,Perrin Aybara,8013
Knife of Dreams,KOD,Ch13: Siege,13,Elayne Trakand,5287
Knife of Dreams,KOD,Ch14: Wet Things,14,Elayne Trakand,5494
Knife of Dreams,KOD,Ch15: A Different Skill,15,Elayne Trakand,6253
Knife of Dreams,KOD,Ch16: The New Follower,16,Elayne Trakand,5916
Knife of Dreams,KOD,Ch17: A Bronze Bear,17,Elayne Trakand,6537
Knife of Dreams,KOD,Ch17: A Bronze Bear,17,Arymilla Marne,1702
Knife of Dreams,KOD,Ch18: News for the Dragon,18,Rand al'Thor,5952
Knife of Dreams,KOD,Ch19: Vows,19,Loial,4357
Knife of Dreams,KOD,Ch19: Vows,19,Rand al'Thor,2767
Knife of Dreams,KOD,Ch20: The Golden Crane,20,Rand al'Thor,6441
Knife of Dreams,KOD,Ch20: The Golden Crane,20,Nynaeve al'Meara,1468
Knife of Dreams,KOD,Ch20: The Golden Crane,20,Weilin Aldragoran,1845
Knife of Dreams,KOD,Ch21: Within the Stone,21,Rand al'Thor,10535
Knife of Dreams,KOD,Ch22: To Make an Anchor Weep,22,Harine din Togara Two Winds,6117
Knife of Dreams,KOD,Ch23: Call to a Sitting,23,Romanda Cassin,9283
Knife of Dreams,KOD,Ch24: Honey in the Tea,24,Egwene al'Vere,15098
Knife of Dreams,KOD,Ch25: Attending Elaida,25,Tarna Feir,2179
Knife of Dreams,KOD,Ch25: Attending Elaida,25,Matrim Cauthon,4845
Knife of Dreams,KOD,Ch26: As If the World Were Fog,26,Tuon Athaem Kore Paendrag,4488
Knife of Dreams,KOD,Ch26: As If the World Were Fog,26,Perrin Aybara,6233
Knife of Dreams,KOD,Ch26: As If the World Were Fog,26,Faile Bashere,1234
Knife of Dreams,KOD,Ch27: A Plain Wooden Box,27,Rand al'Thor,6423
Knife of Dreams,KOD,Ch27: A Plain Wooden Box,27,Matrim Cauthon,3722
Knife of Dreams,KOD,Ch28: In Malden,28,Faile Bashere,6200
Knife of Dreams,KOD,Ch28: In Malden,28,Galina Casban,467
Knife of Dreams,KOD,Ch29: The Last Knot,29,Perrin Aybara,3991
Knife of Dreams,KOD,Ch29: The Last Knot,29,Faile Bashere,890
Knife of Dreams,KOD,Ch29: The Last Knot,29,Perrin Aybara,4332
Knife of Dreams,KOD,Ch30: Outside the Gates,30,Faile Bashere,1861
Knife of Dreams,KOD,Ch30: Outside the Gates,30,Perrin Aybara,4165
Knife of Dreams,KOD,Ch30: Outside the Gates,30,Galina Casban,728
Knife of Dreams,KOD,Ch31: The House on Full Moon Street,31,Elayne Trakand,7286
Knife of Dreams,KOD,Ch32: To Keep the Bargain,32,Birgitte Silverbow,6495
Knife of Dreams,KOD,Ch33: Nine Out of Ten,33,Elayne Trakand,4959
Knife of Dreams,KOD,Ch34: A Cup of,34,Furyk Karede,2816
Knife of Dreams,KOD,Ch35: The Importance of Dyelin,35,Elayne Trakand,6344
Knife of Dreams,KOD,Ch36: Under an Oak,36,Furyk Karede,3288
Knife of Dreams,KOD,Ch36: Under an Oak,36,Matrim Cauthon,1225
Knife of Dreams,KOD,Ch36: Under an Oak,36,Tuon Athaem Kore Paendrag,385
Knife of Dreams,KOD,Ch37: Prince of the Ravens,37,Matrim Cauthon,5220
Knife of Dreams,KOD,Epilogue: Remember the Old Saying,Epilogue,Suroth Sabelle Meldarath,1336
Knife of Dreams,KOD,Epilogue: Remember the Old Saying,Epilogue,Pevara Tazanovni,2909
The Gathering Storm,TGS,Prologue: What the Storm Means,Prologue,Quote,69
The Gathering Storm,TGS,Prologue: What the Storm Means,Prologue,Renald Fanwar,3841
The Gathering Storm,TGS,Prologue: What the Storm Means,Prologue,Falendre,1794
The Gathering Storm,TGS,Prologue: What the Storm Means,Prologue,Tylee Khirgan,1453
The Gathering Storm,TGS,Prologue: What the Storm Means,Prologue,Graendal,3355
The Gathering Storm,TGS,Prologue: What the Storm Means,Prologue,Rodel Ituralde,1138
The Gathering Storm,TGS,Prologue: What the Storm Means,Prologue,Masema Dagar,1449
The Gathering Storm,TGS,Ch1: Tears of Steel,1,Rand al'Thor,6500
The Gathering Storm,TGS,Ch2: The Nature of Pain,2,Egwene al'Vere,7040
The Gathering Storm,TGS,Ch3: The Ways of Honor,3,Aviendha,4458
The Gathering Storm,TGS,Ch4: Nightfall,4,Gawyn Trakand,1926
The Gathering Storm,TGS,Ch5: A Tale of Blood,5,Rand al'Thor,3879
The Gathering Storm,TGS,Ch5: A Tale of Blood,5,Cadsuane Melaidhrin,2171
The Gathering Storm,TGS,Ch6: When Iron Melts,6,Rodel Ituralde,1369
The Gathering Storm,TGS,Ch6: When Iron Melts,6,Leane Sharif,1169
The Gathering Storm,TGS,Ch6: When Iron Melts,6,Egwene al'Vere,619
The Gathering Storm,TGS,Ch7: The Plan for Arad Doman,7,Nynaeve al'Meara,6114
The Gathering Storm,TGS,Ch8: Clean Shirts,8,Siuan Sanche,7627
The Gathering Storm,TGS,Ch9: Leaving Malden,9,Perrin Aybara,5245
The Gathering Storm,TGS,Ch10: The Last of the Tabac,10,Rodel Ituralde,4506
The Gathering Storm,TGS,Ch11: The Death of Adrin,11,Aviendha,4507
The Gathering Storm,TGS,Ch12: Unexpected Encounters,12,Egwene al'Vere,8403
The Gathering Storm,TGS,Ch13: An Offer and a Departure,13,Gawyn Trakand,5917
The Gathering Storm,TGS,Ch14: A Box Opens,14,Cadsuane Melaidhrin,2582
The Gathering Storm,TGS,Ch15: A Place to Begin,15,Rand al'Thor,2022
The Gathering Storm,TGS,Ch15: A Place to Begin,15,Min Farshaw,2577
The Gathering Storm,TGS,Ch15: A Place to Begin,15,Aviendha,1242
The Gathering Storm,TGS,Ch16: In the White Tower,16,Egwene al'Vere,10574
The Gathering Storm,TGS,Ch17: Questions of Control,17,Cadsuane Melaidhrin,1975
The Gathering Storm,TGS,Ch17: Questions of Control,17,Perrin Aybara,1720
The Gathering Storm,TGS,Ch18: A Message in Haste,18,Siuan Sanche,3325
The Gathering Storm,TGS,Ch19: Gambits,19,Tuon Athaem Kore Paendrag,6922
The Gathering Storm,TGS,Ch20: On a Broken Road,20,Matrim Cauthon,5587
The Gathering Storm,TGS,Ch21: Embers and Ash,21,Perrin Aybara,1281
The Gathering Storm,TGS,Ch21: Embers and Ash,21,Faile Bashere,3840
The Gathering Storm,TGS,Ch21: Embers and Ash,21,Perrin Aybara,277
The Gathering Storm,TGS,Ch22: The Last That Could Be Done,22,Semirhage,1084
The Gathering Storm,TGS,Ch22: The Last That Could Be Done,22,Rand al'Thor,6365
The Gathering Storm,TGS,Ch23: A Warp in the Air,23,Cadsuane Melaidhrin,1790
The Gathering Storm,TGS,Ch24: A New Commitment,24,Gawyn Trakand,6335
The Gathering Storm,TGS,Ch25: In Darkness,25,Sheriam Bayanar,1322
The Gathering Storm,TGS,Ch25: In Darkness,25,Egwene al'Vere,978
The Gathering Storm,TGS,Ch26: A Crack in the Stone,26,Aviendha,3813
The Gathering Storm,TGS,Ch26: A Crack in the Stone,26,Romanda Cassin,1841
The Gathering Storm,TGS,Ch27: The Tipsy Gelding,27,Matrim Cauthon,8440
The Gathering Storm,TGS,Ch28: Night in Hinderstap,28,Matrim Cauthon,8779
The Gathering Storm,TGS,Ch29: Into Bandar Eban,29,Rand al'Thor,5581
The Gathering Storm,TGS,Ch30: Old Advice,30,Gawyn Trakand,4418
The Gathering Storm,TGS,Ch31: A Promise to Lews Therin,31,Cadsuane Melaidhrin,3874
The Gathering Storm,TGS,Ch31: A Promise to Lews Therin,31,Rand al'Thor,4389
The Gathering Storm,TGS,Ch32: Rivers of Shadow,32,Nynaeve al'Meara,9489
The Gathering Storm,TGS,Ch33: A Conversation with the Dragon,33,Nynaeve al'Meara,3717
The Gathering Storm,TGS,Ch34: Legends,34,Matrim Cauthon,5571
The Gathering Storm,TGS,Ch35: A Halo of Blackness,35,Rand al'Thor,2024
The Gathering Storm,TGS,Ch35: A Halo of Blackness,35,Tuon Athaem Kore Paendrag,3351
The Gathering Storm,TGS,Ch36: The Death of Tuon,36,Matrim Cauthon,3457
The Gathering Storm,TGS,Ch36: The Death of Tuon,36,Tuon Athaem Kore Paendrag,1096
The Gathering Storm,TGS,Ch37: A Force of Light,37,Min Farshaw,7667
The Gathering Storm,TGS,Ch38: News in,38,Egwene al'Vere,6875
The Gathering Storm,TGS,Ch39: A Visit from Verin Sedai,39,Egwene al'Vere,7996
The Gathering Storm,TGS,Ch40: The Tower Shakes,40,Siuan Sanche,1047
The Gathering Storm,TGS,Ch40: The Tower Shakes,40,Egwene al'Vere,1900
The Gathering Storm,TGS,Ch40: The Tower Shakes,40,Siuan Sanche,1413
The Gathering Storm,TGS,Ch40: The Tower Shakes,40,Adelorna Bastine,1706
The Gathering Storm,TGS,Ch41: A Fount of Power,41,Gawyn Trakand,1587
The Gathering Storm,TGS,Ch41: A Fount of Power,41,Saerin Asnobar,1534
The Gathering Storm,TGS,Ch41: A Fount of Power,41,Egwene al'Vere,576
The Gathering Storm,TGS,Ch41: A Fount of Power,41,Gareth Bryne,2789
The Gathering Storm,TGS,Ch41: A Fount of Power,41,Egwene al'Vere,783
The Gathering Storm,TGS,Ch41: A Fount of Power,41,Saerin Asnobar,477
The Gathering Storm,TGS,Ch41: A Fount of Power,41,Elaida do Avriny a'Roihan,304
The Gathering Storm,TGS,Ch42: Before the Stone of Tear,42,Rand al'Thor,3863
The Gathering Storm,TGS,Ch43: Sealed to the Flame,43,Egwene al'Vere,1938
The Gathering Storm,TGS,Ch43: Sealed to the Flame,43,Jesse Bilal,2635
The Gathering Storm,TGS,Ch43: Sealed to the Flame,43,Siuan Sanche,970
The Gathering Storm,TGS,Ch43: Sealed to the Flame,43,Egwene al'Vere,2486
The Gathering Storm,TGS,Ch44: Scents Unknown,44,Nynaeve al'Meara,6935
The Gathering Storm,TGS,Ch45: The Tower Stands,45,Egwene al'Vere,4589
The Gathering Storm,TGS,Ch46: To Be Forged Again,46,Egwene al'Vere,5696
The Gathering Storm,TGS,Ch47: The One He Lost,47,Rand al'Thor,5202
The Gathering Storm,TGS,Ch48: Reading the Commentary,48,Min Farshaw,2672
The Gathering Storm,TGS,Ch49: Just Another Man,49,Rand al'Thor,2374
The Gathering Storm,TGS,Ch50: Veins of Gold,50,Rand al'Thor,1971
The Gathering Storm,TGS,Epilogue: Bathed in Light,Epilogue,Egwene al'Vere,2002
The Gathering Storm,TGS,Epilogue: Bathed in Light,Epilogue,Quote,52
Towers of Midnight,TOM,Prologue: Distinctions,Prologue,Quote,179
Towers of Midnight,TOM,Prologue: Distinctions,Prologue,Lan Mandragoran,1280
Towers of Midnight,TOM,Prologue: Distinctions,Prologue,Perrin Aybara,2588
Towers of Midnight,TOM,Prologue: Distinctions,Prologue,Graendal,3539
Towers of Midnight,TOM,Prologue: Distinctions,Prologue,Galadedrid Damodred,4330
Towers of Midnight,TOM,Prologue: Distinctions,Prologue,Padan Fain,973
Towers of Midnight,TOM,Prologue: Distinctions,Prologue,Malenarin Rai,3023
Towers of Midnight,TOM,Ch1: Apples First,1,Almen Bunt,2931
Towers of Midnight,TOM,Ch2: Questions of Leadership,2,Perrin Aybara,3606
Towers of Midnight,TOM,Ch2: Questions of Leadership,2,Galadedrid Damodred,1461
Towers of Midnight,TOM,Ch3: The Amyrlin's Anger,3,Egwene al'Vere,1154
Towers of Midnight,TOM,Ch3: The Amyrlin's Anger,3,Siuan Sanche,2609
Towers of Midnight,TOM,Ch3: The Amyrlin's Anger,3,Egwene al'Vere,1794
Towers of Midnight,TOM,Ch4: The Pattern Groans,4,Perrin Aybara,3830
Towers of Midnight,TOM,Ch4: The Pattern Groans,4,Galadedrid Damodred,2505
Towers of Midnight,TOM,Ch5: Writings,5,Gawyn Trakand,4383
Towers of Midnight,TOM,Ch5: Writings,5,Egwene al'Vere,391
Towers of Midnight,TOM,Ch5: Writings,5,Graendal,2146
Towers of Midnight,TOM,Ch6: Questioning Intentions,6,Morgase Trakand,4972
Towers of Midnight,TOM,Ch7: Lighter than a Feather,7,Lan Mandragoran,1032
Towers of Midnight,TOM,Ch7: Lighter than a Feather,7,Galadedrid Damodred,384
Towers of Midnight,TOM,Ch7: Lighter than a Feather,7,Perrin Aybara,683
Towers of Midnight,TOM,Ch7: Lighter than a Feather,7,Galadedrid Damodred,393
Towers of Midnight,TOM,Ch7: Lighter than a Feather,7,Perrin Aybara,350
Towers of Midnight,TOM,Ch7: Lighter than a Feather,7,Galadedrid Damodred,240
Towers of Midnight,TOM,Ch7: Lighter than a Feather,7,Perrin Aybara,192
Towers of Midnight,TOM,Ch7: Lighter than a Feather,7,Galadedrid Damodred,67
Towers of Midnight,TOM,Ch7: Lighter than a Feather,7,Perrin Aybara,71
Towers of Midnight,TOM,Ch8: The Seven-Striped Lass,8,Matrim Cauthon,6788
Towers of Midnight,TOM,Ch9: Blood in the Air,9,Matrim Cauthon,2908
Towers of Midnight,TOM,Ch10: After the Taint,10,Perrin Aybara,3445
Towers of Midnight,TOM,Ch10: After the Taint,10,Galadedrid Damodred,270
Towers of Midnight,TOM,Ch11: An Unexpected Letter,11,Elayne Trakand,4289
Towers of Midnight,TOM,Ch12: An Empty Ink Bottle,12,Min Farshaw,878
Towers of Midnight,TOM,Ch12: An Empty Ink Bottle,12,Cadsuane Melaidhrin,898
Towers of Midnight,TOM,Ch13: For What Has Been Wrought,13,Min Farshaw,3029
Towers of Midnight,TOM,Ch14: A Vow,14,Egwene al'Vere,5749
Towers of Midnight,TOM,Ch15: Use a Pebble,15,Nynaeve al'Meara,3917
Towers of Midnight,TOM,Ch15: Use a Pebble,15,Egwene al'Vere,1987
Towers of Midnight,TOM,Ch16:,16,Faile Bashere,1967
Towers of Midnight,TOM,Ch16:,16,Perrin Aybara,3922
Towers of Midnight,TOM,"Ch17: Partings, and a Meeting",17,Matrim Cauthon,3818
Towers of Midnight,TOM,"Ch17: Partings, and a Meeting",17,Elayne Trakand,2934
Towers of Midnight,TOM,Ch18: The Strength of This Place,18,Perrin Aybara,2407
Towers of Midnight,TOM,Ch18: The Strength of This Place,18,Rodel Ituralde,2266
Towers of Midnight,TOM,Ch18: The Strength of This Place,18,Faile Bashere,2528
Towers of Midnight,TOM,Ch19: Talk of Dragons,19,Matrim Cauthon,7209
Towers of Midnight,TOM,Ch20: A Choice,20,Nynaeve al'Meara,8030
Towers of Midnight,TOM,Ch21: An Open Gate,21,Perrin Aybara,3108
Towers of Midnight,TOM,Ch21: An Open Gate,21,Rodel Ituralde,2736
Towers of Midnight,TOM,Ch21: An Open Gate,21,Morgase Trakand,1228
Towers of Midnight,TOM,Ch22: The End of a Legend,22,Gawyn Trakand,3335
Towers of Midnight,TOM,Ch22: The End of a Legend,22,Matrim Cauthon,4242
Towers of Midnight,TOM,Ch22: The End of a Legend,22,Birgitte Silverbow,3992
Towers of Midnight,TOM,Ch23: Foxheads,23,Elayne Trakand,5951
Towers of Midnight,TOM,Ch23: Foxheads,23,Gawyn Trakand,1207
Towers of Midnight,TOM,Ch23: Foxheads,23,Lan Mandragoran,755
Towers of Midnight,TOM,Ch24: To Make a Stand,24,Elayne Trakand,1488
Towers of Midnight,TOM,Ch24: To Make a Stand,24,Rodel Ituralde,1402
Towers of Midnight,TOM,Ch24: To Make a Stand,24,Perrin Aybara,4625
Towers of Midnight,TOM,Ch25: Return to Bandar Eban,25,Min Farshaw,3676
Towers of Midnight,TOM,Ch26: Parley,26,Perrin Aybara,2175
Towers of Midnight,TOM,Ch26: Parley,26,Galadedrid Damodred,3517
Towers of Midnight,TOM,Ch27: A Call to Stand,27,Egwene al'Vere,4279
Towers of Midnight,TOM,Ch28: Oddities,28,Faile Bashere,556
Towers of Midnight,TOM,Ch28: Oddities,28,Perrin Aybara,1673
Towers of Midnight,TOM,Ch28: Oddities,28,Rodel Ituralde,3655
Towers of Midnight,TOM,Ch29: A Terrible Feeling,29,Faile Bashere,2027
Towers of Midnight,TOM,Ch29: A Terrible Feeling,29,Morgase Trakand,1805
Towers of Midnight,TOM,Ch29: A Terrible Feeling,29,Perrin Aybara,709
Towers of Midnight,TOM,Ch29: A Terrible Feeling,29,Elayne Trakand,2428
Towers of Midnight,TOM,Ch30: Men Dream Here,30,Faile Bashere,848
Towers of Midnight,TOM,Ch30: Men Dream Here,30,Perrin Aybara,4539
Towers of Midnight,TOM,Ch31: Into the Void,31,Matrim Cauthon,4366
Towers of Midnight,TOM,Ch32: A Storm of Light,32,Rodel Ituralde,4201
Towers of Midnight,TOM,Ch32: A Storm of Light,32,Min Farshaw,1618
Towers of Midnight,TOM,Ch33: A Good Soup,33,Siuan Sanche,1217
Towers of Midnight,TOM,Ch33: A Good Soup,33,Perrin Aybara,969
Towers of Midnight,TOM,Ch33: A Good Soup,33,Gawyn Trakand,5078
Towers of Midnight,TOM,Ch34: Judgment,34,Perrin Aybara,1273
Towers of Midnight,TOM,Ch34: Judgment,34,Faile Bashere,1641
Towers of Midnight,TOM,Ch34: Judgment,34,Perrin Aybara,3902
Towers of Midnight,TOM,Ch35: The Right Thing,35,Egwene al'Vere,373
Towers of Midnight,TOM,Ch35: The Right Thing,35,Perrin Aybara,1120
Towers of Midnight,TOM,Ch35: The Right Thing,35,Galadedrid Damodred,527
Towers of Midnight,TOM,Ch35: The Right Thing,35,Perrin Aybara,2255
Towers of Midnight,TOM,Ch36: An Invitation,36,Egwene al'Vere,4643
Towers of Midnight,TOM,Ch36: An Invitation,36,Perrin Aybara,401
Towers of Midnight,TOM,Ch37: Darkness in the Tower,37,Gawyn Trakand,843
Towers of Midnight,TOM,Ch37: Darkness in the Tower,37,Egwene al'Vere,577
Towers of Midnight,TOM,Ch37: Darkness in the Tower,37,Perrin Aybara,443
Towers of Midnight,TOM,Ch37: Darkness in the Tower,37,Gawyn Trakand,878
Towers of Midnight,TOM,Ch37: Darkness in the Tower,37,Perrin Aybara,544
Towers of Midnight,TOM,Ch37: Darkness in the Tower,37,Egwene al'Vere,965
Towers of Midnight,TOM,Ch37: Darkness in the Tower,37,Perrin Aybara,672
Towers of Midnight,TOM,Ch37: Darkness in the Tower,37,Gawyn Trakand,652
Towers of Midnight,TOM,Ch37: Darkness in the Tower,37,Mesaana,351
Towers of Midnight,TOM,Ch37: Darkness in the Tower,37,Perrin Aybara,670
Towers of Midnight,TOM,Ch38: Wounds,38,Egwene al'Vere,2628
Towers of Midnight,TOM,Ch38: Wounds,38,Perrin Aybara,1171
Towers of Midnight,TOM,Ch38: Wounds,38,Egwene al'Vere,571
Towers of Midnight,TOM,Ch38: Wounds,38,Perrin Aybara,850
Towers of Midnight,TOM,Ch38: Wounds,38,Graendal,260
Towers of Midnight,TOM,Ch39: In the Three-fold Land,39,Aviendha,2329
Towers of Midnight,TOM,Ch40: A Making,40,Perrin Aybara,3562
Towers of Midnight,TOM,Ch40: A Making,40,Faile Bashere,1111
Towers of Midnight,TOM,Ch40: A Making,40,Perrin Aybara,714
Towers of Midnight,TOM,Ch40: A Making,40,Galadedrid Damodred,631
Towers of Midnight,TOM,Ch40: A Making,40,Perrin Aybara,880
Towers of Midnight,TOM,Ch41: An Unexpected Ally,41,Galadedrid Damodred,571
Towers of Midnight,TOM,Ch41: An Unexpected Ally,41,Perrin Aybara,886
Towers of Midnight,TOM,Ch41: An Unexpected Ally,41,Galadedrid Damodred,762
Towers of Midnight,TOM,Ch41: An Unexpected Ally,41,Perrin Aybara,982
Towers of Midnight,TOM,Ch41: An Unexpected Ally,41,Galadedrid Damodred,1551
Towers of Midnight,TOM,Ch42: Stronger than Blood,42,Gawyn Trakand,1236
Towers of Midnight,TOM,Ch42: Stronger than Blood,42,Lan Mandragoran,1386
Towers of Midnight,TOM,Ch43: Some Tea,43,Galadedrid Damodred,1447
Towers of Midnight,TOM,Ch43: Some Tea,43,Alliandre Maritha Kigarin,1480
Towers of Midnight,TOM,Ch44: A Backhanded Request,44,Morgase Trakand,1676
Towers of Midnight,TOM,Ch44: A Backhanded Request,44,Perrin Aybara,2613
Towers of Midnight,TOM,Ch45: A Reunion,45,Elayne Trakand,3977
Towers of Midnight,TOM,Ch45: A Reunion,45,Aviendha,967
Towers of Midnight,TOM,Ch46: Working Leather,46,Androl Genhald,6010
Towers of Midnight,TOM,Ch47: A Teaching Chamber,47,Faile Bashere,4114
Towers of Midnight,TOM,Ch47: A Teaching Chamber,47,Tuon Athaem Kore Paendrag,2110
Towers of Midnight,TOM,Ch47: A Teaching Chamber,47,Perrin Aybara,1725
Towers of Midnight,TOM,Ch48: Near Avendesora,48,Aviendha,4566
Towers of Midnight,TOM,Ch49: Court of the Sun,49,Aviendha,4938
Towers of Midnight,TOM,Ch50: Choosing Enemies,50,Elayne Trakand,3311
Towers of Midnight,TOM,Ch51: A Testing,51,Min Farshaw,3123
Towers of Midnight,TOM,Ch51: A Testing,51,Cadsuane Melaidhrin,1040
Towers of Midnight,TOM,Ch52: Boots,52,Elayne Trakand,2952
Towers of Midnight,TOM,Ch52: Boots,52,Matrim Cauthon,2822
Towers of Midnight,TOM,Ch53: Gateways,53,Pevara Tazanovni,1855
Towers of Midnight,TOM,Ch53: Gateways,53,Perrin Aybara,2155
Towers of Midnight,TOM,Ch53: Gateways,53,Matrim Cauthon,4417
Towers of Midnight,TOM,Ch54: The Light of the World,54,Matrim Cauthon,5406
Towers of Midnight,TOM,Ch55: The One Left Behind,55,Matrim Cauthon,3330
Towers of Midnight,TOM,Ch56: Something Wrong,56,Egwene al'Vere,1233
Towers of Midnight,TOM,Ch56: Something Wrong,56,Androl Genhald,1423
Towers of Midnight,TOM,Ch57: A Rabbit for Supper,57,Matrim Cauthon,2986
Towers of Midnight,TOM,Epilogue: And After,Epilogue,Graendal,564
Towers of Midnight,TOM,Epilogue: And After,Epilogue,Perrin Aybara,1433
Towers of Midnight,TOM,Epilogue: And After,Epilogue,Olver,1663
Towers of Midnight,TOM,Epilogue: And After,Epilogue,Barriga,456
Towers of Midnight,TOM,Epilogue: And After,Epilogue,Rand al'Thor,925
Towers of Midnight,TOM,Epilogue: And After,Epilogue,Lan Mandragoran,475
Towers of Midnight,TOM,Epilogue: And After,Epilogue,Quote,245
A Memory of Light,AMOL,Prologue: By Grace and Banners Fallen,Prologue,Quote,87
A Memory of Light,AMOL,Prologue: By Grace and Banners Fallen,Prologue,Bayrd,2733
A Memory of Light,AMOL,Prologue: By Grace and Banners Fallen,Prologue,Talmanes,876
A Memory of Light,AMOL,Prologue: By Grace and Banners Fallen,Prologue,Isam,2599
A Memory of Light,AMOL,Prologue: By Grace and Banners Fallen,Prologue,Talmanes,1197
A Memory of Light,AMOL,Prologue: By Grace and Banners Fallen,Prologue,Leilwin Shipless,3133
A Memory of Light,AMOL,Prologue: By Grace and Banners Fallen,Prologue,Talmanes,1107
A Memory of Light,AMOL,Prologue: By Grace and Banners Fallen,Prologue,Aviendha,2443
A Memory of Light,AMOL,Prologue: By Grace and Banners Fallen,Prologue,Talmanes,1673
A Memory of Light,AMOL,Prologue: By Grace and Banners Fallen,Prologue,Androl Genhald,3174
A Memory of Light,AMOL,Prologue: By Grace and Banners Fallen,Prologue,Talmanes,2311
A Memory of Light,AMOL,Prologue: By Grace and Banners Fallen,Prologue,Moghedien,2499
A Memory of Light,AMOL,Prologue: By Grace and Banners Fallen,Prologue,Talmanes,1294
A Memory of Light,AMOL,Ch1: Eastward the Wind Blew,1,Rand al'Thor,2931
A Memory of Light,AMOL,Ch1: Eastward the Wind Blew,1,Egwene al'Vere,2733
A Memory of Light,AMOL,Ch1: Eastward the Wind Blew,1,Rand al'Thor,2503
A Memory of Light,AMOL,Ch2: The Choice of an Ajah,2,Pevara,3963
A Memory of Light,AMOL,Ch2: The Choice of an Ajah,2,Aviendha,2975
A Memory of Light,AMOL,Ch3: A Dangerous Place,3,Androl Genhald,2470
A Memory of Light,AMOL,Ch3: A Dangerous Place,3,Rand al'Thor,1470
A Memory of Light,AMOL,Ch3: A Dangerous Place,3,Pevara,2344
A Memory of Light,AMOL,Ch4: Advantages to a Bond,4,Androl Genhald,2564
A Memory of Light,AMOL,Ch4: Advantages to a Bond,4,Rand al'Thor,1467
A Memory of Light,AMOL,Ch4: Advantages to a Bond,4,Pevara,2240
A Memory of Light,AMOL,Ch5: To Require a Boon,5,Rand al'Thor,1412
A Memory of Light,AMOL,Ch5: To Require a Boon,5,Egwene al'Vere,8450
A Memory of Light,AMOL,Ch6: A Knack,6,Perrin Aybara,5145
A Memory of Light,AMOL,Ch6: A Knack,6,Lan Mandragoran,2167
A Memory of Light,AMOL,Ch7: Into the Thick of It,7,Elayne Trakand,2667
A Memory of Light,AMOL,Ch7: Into the Thick of It,7,Lan Mandragoran,3217
A Memory of Light,AMOL,Ch8: That Smoldering City,8,Elayne Trakand,2143
A Memory of Light,AMOL,Ch8: That Smoldering City,8,Androl Genhald,2141
A Memory of Light,AMOL,Ch9: To Die Well,9,Lan Mandragoran,2189
A Memory of Light,AMOL,Ch9: To Die Well,9,Egwene al'Vere,1858
A Memory of Light,AMOL,Ch9: To Die Well,9,Rand al'Thor,2729
A Memory of Light,AMOL,Ch10: The Use of Dragons,10,Perrin Aybara,236
A Memory of Light,AMOL,Ch10: The Use of Dragons,10,Elayne Trakand,1630
A Memory of Light,AMOL,Ch10: The Use of Dragons,10,Androl Genhald,491
A Memory of Light,AMOL,Ch10: The Use of Dragons,10,Lan Mandragoran,513
A Memory of Light,AMOL,Ch10: The Use of Dragons,10,Elayne Trakand,1962
A Memory of Light,AMOL,Ch11: Just Another Sell-sword,11,Egwene al'Vere,1552
A Memory of Light,AMOL,Ch11: Just Another Sell-sword,11,Matrim Cauthon,3711
A Memory of Light,AMOL,Ch11: Just Another Sell-sword,11,Rand al'Thor,2160
A Memory of Light,AMOL,Ch12: A Shard of a Moment,12,Birgitte,1054
A Memory of Light,AMOL,Ch12: A Shard of a Moment,12,Rand al'Thor,2284
A Memory of Light,AMOL,Ch12: A Shard of a Moment,12,Perrin Aybara,687
A Memory of Light,AMOL,Ch13: What Must Be Done,13,Egwene al'Vere,1568
A Memory of Light,AMOL,Ch13: What Must Be Done,13,Elayne Trakand,1024
A Memory of Light,AMOL,Ch13: What Must Be Done,13,Perrin Aybara,2348
A Memory of Light,AMOL,Ch14: Doses of Forkroot,14,Perrin Aybara,2017
A Memory of Light,AMOL,Ch14: Doses of Forkroot,14,Androl Genhald,2055
A Memory of Light,AMOL,Ch14: Doses of Forkroot,14,Perrin Aybara,1984
A Memory of Light,AMOL,Ch14: Doses of Forkroot,14,Androl Genhald,504
A Memory of Light,AMOL,Ch15: Your Neck in a Cord,15,Matrim Cauthon,2463
A Memory of Light,AMOL,Ch15: Your Neck in a Cord,15,Rand al'Thor,3016
A Memory of Light,AMOL,Ch15: Your Neck in a Cord,15,Matrim Cauthon,2504
A Memory of Light,AMOL,Ch16: A Silence Like Screaming,16,Loial,863
A Memory of Light,AMOL,Ch16: A Silence Like Screaming,16,Galad Damodred,511
A Memory of Light,AMOL,Ch16: A Silence Like Screaming,16,Rand al'Thor,1471
A Memory of Light,AMOL,Ch16: A Silence Like Screaming,16,Moiraine Damodred,180
A Memory of Light,AMOL,Ch16: A Silence Like Screaming,16,Lan Mandragoran,3004
A Memory of Light,AMOL,"17,Ch17: Older, More Weathered","17,Ch17",Matrim Cauthon,3614
A Memory of Light,AMOL,Ch18: To Feel Wasted,18,Gawyn Trakand,3488
A Memory of Light,AMOL,Ch18: To Feel Wasted,18,Lan Mandragoran,2063
A Memory of Light,AMOL,Ch18: To Feel Wasted,18,Rand al'Thor,1859
A Memory of Light,AMOL,Ch19: The Choice of a Patch,19,Elayne Trakand,1982
A Memory of Light,AMOL,Ch19: The Choice of a Patch,19,Egwene al'Vere,1511
A Memory of Light,AMOL,Ch19: The Choice of a Patch,19,Matrim Cauthon,1748
A Memory of Light,AMOL,Ch20: Into Thankan'dar,20,Egwene al'Vere,2571
A Memory of Light,AMOL,Ch20: Into Thankan'dar,20,Aviendha,3559
A Memory of Light,AMOL,Ch21: Not a Mistake to Ignore,21,Siuan Sanche,1514
A Memory of Light,AMOL,Ch21: Not a Mistake to Ignore,21,Lyrelle,2139
A Memory of Light,AMOL,Ch21: Not a Mistake to Ignore,21,Pevara,574
A Memory of Light,AMOL,Ch22: The Wyld,22,Egwene al'Vere,2260
A Memory of Light,AMOL,Ch22: The Wyld,22,Perrin Aybara,2586
A Memory of Light,AMOL,Ch23: At the Edge of Time,23,Gawyn Trakand,717
A Memory of Light,AMOL,Ch23: At the Edge of Time,23,Egwene al'Vere,2020
A Memory of Light,AMOL,Ch23: At the Edge of Time,23,Aviendha,2745
A Memory of Light,AMOL,Ch23: At the Edge of Time,23,Rand al'Thor,1091
A Memory of Light,AMOL,Ch24: To Ignore the Omens,24,Fortuona,2549
A Memory of Light,AMOL,Ch24: To Ignore the Omens,24,Lan Mandragoran,748
A Memory of Light,AMOL,Ch24: To Ignore the Omens,24,Elayne Trakand,1995
A Memory of Light,AMOL,Ch24: To Ignore the Omens,24,Rodel Ituralde,2348
A Memory of Light,AMOL,Ch25: Quick Fragments,25,Siuan Sanche,745
A Memory of Light,AMOL,Ch25: Quick Fragments,25,Rand al'Thor,827
A Memory of Light,AMOL,Ch25: Quick Fragments,25,Lan Mandragoran,931
A Memory of Light,AMOL,Ch25: Quick Fragments,25,Perrin Aybara,4201
A Memory of Light,AMOL,Ch26: Considerations,26,Egwene al'Vere,3640
A Memory of Light,AMOL,Ch26: Considerations,26,Elayne Trakand,2173
A Memory of Light,AMOL,Ch27: Friendly Fire,27,Gareth Bryne,2686
A Memory of Light,AMOL,Ch27: Friendly Fire,27,Min Farshaw,3156
A Memory of Light,AMOL,Ch28: Too Many Men,28,Lan Mandragoran,1877
A Memory of Light,AMOL,Ch28: Too Many Men,28,Loial,500
A Memory of Light,AMOL,Ch28: Too Many Men,28,Matrim Cauthon,1553
A Memory of Light,AMOL,Ch29: The Loss of a Hill,29,Egwene al'Vere,913
A Memory of Light,AMOL,Ch29: The Loss of a Hill,29,Lan Mandragoran,1580
A Memory of Light,AMOL,Ch29: The Loss of a Hill,29,Matrim Cauthon,4083
A Memory of Light,AMOL,Ch30: The Way of the Predator,30,Perrin Aybara,1834
A Memory of Light,AMOL,Ch30: The Way of the Predator,30,Rand al'Thor,1630
A Memory of Light,AMOL,Ch30: The Way of the Predator,30,Elayne Trakand,2442
A Memory of Light,AMOL,Ch31: A Tempest of Water,31,Egwene al'Vere,1221
A Memory of Light,AMOL,Ch31: A Tempest of Water,31,Rodel Ituralde,1527
A Memory of Light,AMOL,Ch31: A Tempest of Water,31,Egwene al'Vere,2367
A Memory of Light,AMOL,Ch32: A Yellow Flower-Spider,32,Matrim Cauthon,4300
A Memory of Light,AMOL,Ch32: A Yellow Flower-Spider,32,Galad Damodred,1339
A Memory of Light,AMOL,Ch33: The Prince's Tabac,33,Perrin Aybara,1929
A Memory of Light,AMOL,Ch33: The Prince's Tabac,33,Faile,3443
A Memory of Light,AMOL,Ch33: The Prince's Tabac,33,Aviendha,4005
A Memory of Light,AMOL,Ch34: Drifting,34,Rand al'Thor,335
A Memory of Light,AMOL,Ch34: Drifting,34,Perrin Aybara,573
A Memory of Light,AMOL,Ch34: Drifting,34,Faile,1846
A Memory of Light,AMOL,Ch34: Drifting,34,Aviendha,1175
A Memory of Light,AMOL,Ch35: A Practiced Grin,35,Olver,1882
A Memory of Light,AMOL,Ch35: A Practiced Grin,35,Cadsuane Melaidhrin,766
A Memory of Light,AMOL,Ch35: A Practiced Grin,35,Faile,1411
A Memory of Light,AMOL,Ch36: Unchangeable Things,36,Nynaeve al'Meara,893
A Memory of Light,AMOL,Ch36: Unchangeable Things,36,Matrim Cauthon,3514
A Memory of Light,AMOL,Ch36: Unchangeable Things,36,Perrin Aybara,294
A Memory of Light,AMOL,Ch37: The Last Battle,37,Lan Mandragoran,663
A Memory of Light,AMOL,Ch37: The Last Battle,37,Elayne Trakand,2017
A Memory of Light,AMOL,Ch37: The Last Battle,37,Uno Nomesta,2062
A Memory of Light,AMOL,Ch37: The Last Battle,37,Logain Ablar,1147
A Memory of Light,AMOL,Ch37: The Last Battle,37,Gawyn Trakand,852
A Memory of Light,AMOL,Ch37: The Last Battle,37,Tam al'Thor,1414
A Memory of Light,AMOL,Ch37: The Last Battle,37,Pevara,1621
A Memory of Light,AMOL,Ch37: The Last Battle,37,Matrim Cauthon,2533
A Memory of Light,AMOL,Ch37: The Last Battle,37,Galad Damodred,1042
A Memory of Light,AMOL,Ch37: The Last Battle,37,Rand al'Thor,2691
A Memory of Light,AMOL,Ch37: The Last Battle,37,Egwene al'Vere,1177
A Memory of Light,AMOL,Ch37: The Last Battle,37,Gawyn Trakand,2931
A Memory of Light,AMOL,Ch37: The Last Battle,37,Faile,1059
A Memory of Light,AMOL,Ch37: The Last Battle,37,Perrin Aybara,1251
A Memory of Light,AMOL,Ch37: The Last Battle,37,Androl Genhald,1357
A Memory of Light,AMOL,Ch37: The Last Battle,37,Rhuarc,1423
A Memory of Light,AMOL,Ch37: The Last Battle,37,Rand al'Thor,1212
A Memory of Light,AMOL,Ch37: The Last Battle,37,Silviana Brehon,2455
A Memory of Light,AMOL,Ch37: The Last Battle,37,Elayne Trakand,1418
A Memory of Light,AMOL,Ch37: The Last Battle,37,Matrim Cauthon,1352
A Memory of Light,AMOL,Ch37: The Last Battle,37,Min Farshaw,1352
A Memory of Light,AMOL,Ch37: The Last Battle,37,Egwene al'Vere,171
A Memory of Light,AMOL,Ch37: The Last Battle,37,Demandred,2082
A Memory of Light,AMOL,Ch37: The Last Battle,37,Rand al'Thor,294
A Memory of Light,AMOL,Ch37: The Last Battle,37,Juilin Sandar,647
A Memory of Light,AMOL,Ch37: The Last Battle,37,Pevara,2021
A Memory of Light,AMOL,Ch37: The Last Battle,37,Galad Damodred,1460
A Memory of Light,AMOL,Ch37: The Last Battle,37,Egwene al'Vere,251
A Memory of Light,AMOL,Ch37: The Last Battle,37,Tam al'Thor,792
A Memory of Light,AMOL,Ch37: The Last Battle,37,Fortuona,996
A Memory of Light,AMOL,Ch37: The Last Battle,37,Rand al'Thor,1864
A Memory of Light,AMOL,Ch37: The Last Battle,37,Matrim Cauthon,610
A Memory of Light,AMOL,Ch37: The Last Battle,37,Tam al'Thor,1569
A Memory of Light,AMOL,Ch37: The Last Battle,37,Elayne Trakand,915
A Memory of Light,AMOL,Ch37: The Last Battle,37,Galad Damodred,574
A Memory of Light,AMOL,Ch37: The Last Battle,37,Nynaeve al'Meara,202
A Memory of Light,AMOL,Ch37: The Last Battle,37,Matrim Cauthon,2414
A Memory of Light,AMOL,Ch37: The Last Battle,37,Egwene al'Vere,1025
A Memory of Light,AMOL,Ch37: The Last Battle,37,Galad Damodred,563
A Memory of Light,AMOL,Ch37: The Last Battle,37,Androl Genhald,993
A Memory of Light,AMOL,Ch37: The Last Battle,37,Gerard Arganda,2340
A Memory of Light,AMOL,Ch37: The Last Battle,37,Rand al'Thor,1976
A Memory of Light,AMOL,Ch37: The Last Battle,37,Matrim Cauthon,602
A Memory of Light,AMOL,Ch37: The Last Battle,37,Olver,2943
A Memory of Light,AMOL,Ch37: The Last Battle,37,Leane Sharif,837
A Memory of Light,AMOL,Ch37: The Last Battle,37,Talmanes,837
A Memory of Light,AMOL,Ch37: The Last Battle,37,Faile,1389
A Memory of Light,AMOL,Ch37: The Last Battle,37,Logain Ablar,796
A Memory of Light,AMOL,Ch37: The Last Battle,37,Egwene al'Vere,683
A Memory of Light,AMOL,Ch37: The Last Battle,37,Ila,861
A Memory of Light,AMOL,Ch37: The Last Battle,37,Olver,845
A Memory of Light,AMOL,Ch37: The Last Battle,37,Logain Ablar,928
A Memory of Light,AMOL,Ch37: The Last Battle,37,Egwene al'Vere,816
A Memory of Light,AMOL,Ch37: The Last Battle,37,Hurin,561
A Memory of Light,AMOL,Ch37: The Last Battle,37,Berelain,1526
A Memory of Light,AMOL,Ch37: The Last Battle,37,Rand al'Thor,506
A Memory of Light,AMOL,Ch37: The Last Battle,37,Mazrim Taim,1134
A Memory of Light,AMOL,Ch37: The Last Battle,37,Elayne Trakand,1218
A Memory of Light,AMOL,Ch37: The Last Battle,37,Rand al'Thor,300
A Memory of Light,AMOL,Ch37: The Last Battle,37,Min Farshaw,1773
A Memory of Light,AMOL,Ch37: The Last Battle,37,Egwene al'Vere,1746
A Memory of Light,AMOL,Ch37: The Last Battle,37,Rand al'Thor,124
A Memory of Light,AMOL,Ch37: The Last Battle,37,Leane Sharif,178
A Memory of Light,AMOL,Ch37: The Last Battle,37,Berelain,214
A Memory of Light,AMOL,Ch37: The Last Battle,37,Matrim Cauthon,1235
A Memory of Light,AMOL,Ch37: The Last Battle,37,Olver,69
A Memory of Light,AMOL,Ch37: The Last Battle,37,Loial,426
A Memory of Light,AMOL,Ch37: The Last Battle,37,Tam al'Thor,260
A Memory of Light,AMOL,Ch37: The Last Battle,37,Lan Mandragoran,628
A Memory of Light,AMOL,Ch37: The Last Battle,37,Min Farshaw,111
A Memory of Light,AMOL,Ch37: The Last Battle,37,Rand al'Thor,60
A Memory of Light,AMOL,Ch37: The Last Battle,37,Lan Mandragoran,811
A Memory of Light,AMOL,Ch38: The Place That Was Not,38,Rand al'Thor,539
A Memory of Light,AMOL,Ch38: The Place That Was Not,38,Shendla,65
A Memory of Light,AMOL,Ch38: The Place That Was Not,38,Rand al'Thor,449
A Memory of Light,AMOL,Ch38: The Place That Was Not,38,Loial,145
A Memory of Light,AMOL,Ch39: Those Who Fight,39,Rand al'Thor,513
A Memory of Light,AMOL,Ch39: Those Who Fight,39,Matrim Cauthon,141
A Memory of Light,AMOL,Ch39: Those Who Fight,39,Rand al'Thor,21
A Memory of Light,AMOL,Ch39: Those Who Fight,39,Matrim Cauthon,101
A Memory of Light,AMOL,Ch39: Those Who Fight,39,Rand al'Thor,40
A Memory of Light,AMOL,Ch39: Those Who Fight,39,Olver,48
A Memory of Light,AMOL,Ch39: Those Who Fight,39,Matrim Cauthon,159
A Memory of Light,AMOL,Ch39: Those Who Fight,39,Elayne Trakand,361
A Memory of Light,AMOL,Ch39: Those Who Fight,39,Matrim Cauthon,1368
A Memory of Light,AMOL,Ch39: Those Who Fight,39,Olver,312
A Memory of Light,AMOL,Ch40: Wolfbrother,40,Elayne Trakand,435
A Memory of Light,AMOL,Ch40: Wolfbrother,40,Aviendha,1304
A Memory of Light,AMOL,Ch40: Wolfbrother,40,Elayne Trakand,`560
A Memory of Light,AMOL,Ch40: Wolfbrother,40,Matrim Cauthon,721
A Memory of Light,AMOL,Ch40: Wolfbrother,40,Jur Grady,833
A Memory of Light,AMOL,Ch41: A Smile,41,Pevara,638
A Memory of Light,AMOL,Ch41: A Smile,41,Moghedien,1034
A Memory of Light,AMOL,Ch41: A Smile,41,Talmanes,304
A Memory of Light,AMOL,Ch42: Impossibilities,42,Aviendha,1087
A Memory of Light,AMOL,Ch42: Impossibilities,42,Atal Mishraile,1423
A Memory of Light,AMOL,Ch42: Impossibilities,42,Pevara,367
A Memory of Light,AMOL,Ch42: Impossibilities,42,Aviendha,560
A Memory of Light,AMOL,Ch43: A Field of Glass,43,Logain Ablar,862
A Memory of Light,AMOL,Ch43: A Field of Glass,43,Matrim Cauthon,1287
A Memory of Light,AMOL,Ch43: A Field of Glass,43,Rand al'Thor,384
A Memory of Light,AMOL,Ch43: A Field of Glass,43,Aviendha,444
A Memory of Light,AMOL,Ch44: Two Craftsmen,44,Perrin Aybara,2634
A Memory of Light,AMOL,Ch44: Two Craftsmen,44,Thom Merrilin,1632
A Memory of Light,AMOL,Ch45: Tendrils of Mist,45,Matrim Cauthon,427
A Memory of Light,AMOL,Ch45: Tendrils of Mist,45,Shaisam,587
A Memory of Light,AMOL,Ch45: Tendrils of Mist,45,Gaul,920
A Memory of Light,AMOL,Ch45: Tendrils of Mist,45,Matrim Cauthon,1120
A Memory of Light,AMOL,Ch46: To Awaken,46,Rand al'Thor,143
A Memory of Light,AMOL,Ch46: To Awaken,46,Nynaeve al'Meara,256
A Memory of Light,AMOL,Ch46: To Awaken,46,Perrin Aybara,1950
A Memory of Light,AMOL,Ch46: To Awaken,46,Matrim Cauthon,483
A Memory of Light,AMOL,Ch47: Watching the Flow Writhe,47,Aviendha,425
A Memory of Light,AMOL,Ch47: Watching the Flow Writhe,47,Shaisam,173
A Memory of Light,AMOL,Ch47: Watching the Flow Writhe,47,Perrin Aybara,422
A Memory of Light,AMOL,Ch47: Watching the Flow Writhe,47,Rand al'Thor,512
A Memory of Light,AMOL,Ch48: A Brilliant Lance,48,Elayne Trakand,150
A Memory of Light,AMOL,Ch48: A Brilliant Lance,48,Thom Merrilin,61
A Memory of Light,AMOL,Ch48: A Brilliant Lance,48,Min Farshaw,85
A Memory of Light,AMOL,Ch48: A Brilliant Lance,48,Aviendha,155
A Memory of Light,AMOL,Ch48: A Brilliant Lance,48,Logain Ablar,356
A Memory of Light,AMOL,Ch49: Light and Shadow,49,Perrin Aybara,1074
A Memory of Light,AMOL,Ch49: Light and Shadow,49,Rand al'Thor,421
A Memory of Light,AMOL,Ch49: Light and Shadow,49,Moiraine Damodred,162
A Memory of Light,AMOL,Epiloque: To See the Answer,Epiloque,Rand al'Thor,184
A Memory of Light,AMOL,Epiloque: To See the Answer,Epiloque,Matrim Cauthon,182
A Memory of Light,AMOL,Epiloque: To See the Answer,Epiloque,Perrin Aybara,1025
A Memory of Light,AMOL,Epiloque: To See the Answer,Epiloque,Loial,872
A Memory of Light,AMOL,Epiloque: To See the Answer,Epiloque,Matrim Cauthon,372
A Memory of Light,AMOL,Epiloque: To See the Answer,Epiloque,Perrin Aybara,167
A Memory of Light,AMOL,Epiloque: To See the Answer,Epiloque,Moghedien,413
A Memory of Light,AMOL,Epiloque: To See the Answer,Epiloque,Nynaeve al'Meara,472
A Memory of Light,AMOL,Epiloque: To See the Answer,Epiloque,Perrin Aybara,633
A Memory of Light,AMOL,Epiloque: To See the Answer,Epiloque,Birgitte,357
A Memory of Light,AMOL,Epiloque: To See the Answer,Epiloque,Tam al'Thor,262
A Memory of Light,AMOL,Epiloque: To See the Answer,Epiloque,Min Farshaw,615
A Memory of Light,AMOL,Epiloque: To See the Answer,Epiloque,Rand al'Thor,708
A Memory of Light,AMOL,Epiloque: To See the Answer,Epiloque,Cadsuane Melaidhrin,180
A Memory of Light,AMOL,Epiloque: To See the Answer,Epiloque,Rand al'Thor,708
A Memory of Light,AMOL,Epiloque: To See the Answer,Epiloque,Quote,182
