name,birth,nationality,gender,height,weight,hair_color,eye_color,build,race,first_mentioned_book,first_mentioned_chapter,first_appeared_book,first_appeared_chapter,last_appeared_book,last_appeared_chapter,affiliation,title,rank,status,death,occupation,ajah,clan,sept
Vram Torkumen,,Saldaean,Male,,,,,,,,,TOM,24,TOM,32,Darkfriend,,,Dead,1000 NE,Lord,,,
Wuan,,Unknown nationality,Male,,,Yellow,,,,,,TGH,29,TGH,29,Children of the Light,,,Alive ,,Soldier,,,
Theril,,Amadician,Male,Tall,,,,Lanky,,,,KOD,5,KOD,30,Faile Bashere,,,Alive ,,,,,
Uso,,Unknown nationality,Male,,,,,,,TOM,1,,,,,,,,Alive ,,Farmer,,,
Ryne Venamar,948 NE,Malkier,Male,Tall,,Braided with bells,,,,,,NS,16,NS,26,Darkfriend,,,Dead,979 NE,,,,
Ryn Anhara,,Unknown nationality,Male,,,,,,,WH,Prologue,,,,,School of Cairhien,,,Alive ,,Inventor,,,
Urien,,Aiel,Male,Tall,,"Red, short with tail",,,,,,TGH,28,AMOL,36, ,,,Alive ,,,,Reyn,Two Spires
Quillin Tasil,,Andoran,Male,,,"Thinning hair at the top and dark, short hair on the sides",,Tall,,,,TGS,31,TGS,31,Arad Doman,,,Alive ,,Innkeeper,,,
Owyn Merrilin,,Andoran,Male,,,,,,,TEOTW,26,,,,,,,,Dead,,,,,
Lacel,,,Male,,,,,,Ogier,TGH,35,,,,,,,,Alive ,,,,,
Lidrin,,Domani,Male,,,,hard,,,,,TGS,Prologue,TOM,21,Dragon Reborn,Lord,,Dead,1000 NE,Soldier,,,
Lyonford,,Saldaean,Male,,,,,,,TOM,16,,,,,,,,Dead,,King,,,
Habiger,,Altaran,Male,,,,,,,TGS,19,,,,,Beslan Mitsobar,,General,Alive ,,Soldier,,,
Lyncon,,Cairhienin,Male,,,,,,,,,TGS,9,TGS,9,,,,Alive ,,Carpenter,,,
Luthair Paendrag Mondwin,FY 967,Seanchan,Male,,,,,,,TGH,40,,,,,,,,Dead,,,,,
Iagin Handar,,Tairen,Male,,,,,Stocky,,,,KOD,21,KOD,21,Defender of the Stone,,,Alive ,,Soldier,,,
Zhell,,Domani,Male,,,,,,,,,TOM,18,TOM,18,Dragon Reborn,,,Alive ,,Soldier,,,
Zeram,,Far Madding,Male,,,,,,,,,WH,32,WH,33,,,,Alive ,,Bootmaker,,,
Zang,,,Male,,,,,,,,,TOM,22,TOM,22,White Tower,,,Alive ,,Tower Guard,,,
Hyam Kinch,,Andoran,Male,,,,,,,,,TEOTW,33,TEOTW,33,,,,Alive ,,Farmer,,,
Zaired Elbar,,Seanchan,Male,Tall,,,,,,,,TGH,40,KOD,37,Darkfriend,,,Dead,1000 NE,Soldier,,,
Hurin,,Shienaran,Male,"5'10""",,"Graying, long",,Lean,,,,TGH,9,AMOL,37,,,,Dead,1000 NE,Sniffer,,,
Mutch,,Andoran,Male,,,,,Wiry,,,,TEOTW,13,TEOTW,17,,,,Alive ,,Stableman,,,
Mycal Crossin,,Altaran,Male,,,,,,,,,COT,26,COT,26,,,,Alive ,,Merchant,,,
Juric,,Aiel,Male,,,,,,,,,,,,,Bair,,,Alive ,,,,Unknown clan,Unknown sept
Musicar,,Seanchan,Male,,,,,,,,,AMOL,17,AMOL,17,,,,Alive ,,Deathwatch Guard,,,
Juranai,,Aiel,Male,,,"Brown, streaked with white",,,,,,TFOH,41,TFOH,41, ,,,Alive ,,,,Unknown clan,Unknown sept
Jurah Haret,,Tairen,Male,,,Balding,,,,,,TDR,50,TDR,53,,,,Alive ,,Innkeeper,,,
Jur Grady,,Andoran,Male,,,,Dark,Stocky,,,,LOC,3,AMOL,45,Perrin Aybara,,Asha'man,Alive ,,Asha'man,,,
Juin,,,Male,,,,,,Ogier,,,TGH,35,TGH,37,,,,Alive ,,,,,
Jurad Accan,,Andoran,Male,,,,,,,COT,11,,,,,House Trakand,,,Alive ,,,,,
Juilin Sandar,962 NE,Tairen,Male,"1 span, 5 inches",28 1/2 stone,Black,Dark,,,TDR,48,TDR,49,AMOL,37,,,,Dead,,Thief-catcher,,,
Jowdry,,Andoran,Male,,,,,,,TOM,8,,,,,,,,Dead,1000 NE,,,,
Jovarin,,Unknown nationality,Male,,,,,,,TSR,47,,,,,,,,Alive ,,Mason,,,
Jorlen Corbesan,,Unknown nationality,Male,,,,,,,TGS,5,,,,,,,Aes Sedai (Age of Legends),Dead,,,,,
Jorshem,,Aiel,Male,Tall,,,,,,TOM,49,,,,,,,,Unknown,,Clan chief,,Unknown clan,Unknown sept
Jorin Arene,,Amadicia,Male,,,,,,,TFOH,18,,,,,Darkfriend,,,Alive ,,Merchant,,,
Jori Congar,,Andoran,Male,,,,,Skinny,,,,TPOD,9,TOM,53,Perrin Aybara,,,Dead,,Soldier,,,
Jori,,Cairhienin,Male,Short,,Bald,,Very Wide,,,,LOC,29,KOD,1,White Tower,,,Alive ,,Warder,,,
Jorgin,,Domani,Male,,,,,,,TGS,32,,,,,,,,Alive ,,Questioner,,,
Jonneth Dowtry,,Andoran,Male,,,,,Lanky,,,,TOM,46,AMOL,37,Logain Ablar,,Asha'man,Alive ,,Asha'man,,,
Joni Shagrin,,Andoran,Male,,,"Gray, thinning",,Big,,,,TFOH,1,TFOH,28,House Bryne,,,Dead,1000 NE,,,,
Jondyn Barran,,Andoran,Male,,,,,,,,,ACOS,1,KOD,4,Perrin Aybara,,,Alive ,,Soldier,,,
Jon Skellit,,Andoran,Male,,,,,,,WH,26,,,,,Elayne Trakand,,,Alive ,,Barber,,,
Jophil,,Unknown nationality,Male,,,,,,,,,AMOL,6,AMOL,6,,,,Alive ,,,,,
Jon Thane,,Andoran,Male,,,,,,,TEOTW,1,TEOTW,2,TSR,56,Two Rivers,Village Councilor,,Alive ,,Miller,,,
Jon,,Ghealdanin,Male,,,,,,,TDR,8,,,,,,,,Alive ,,Blacksmith,,,
Joelin,,Unknown nationality,Male,,,,,,,TSR,31,,,,,Children of the Light,,,Dead,999 NE,Soldier,,,
Jon Ayellin,,Andoran,Male,,,Bald,,Hulking,,,,LOC,Prologue,TOM,40,Perrin Aybara,,,Alive ,,,,,
Jonai,,Aiel,Male,,,,,,,,,TSR,26,TSR,26,,,,Dead,,,,,
Jon Gaelin,,Andoran,Male,,,,,,,TSR,33,TOM,34,TOM,34,Perrin Aybara,,,Alive ,,Farmer,,,
Johanin,,Ghealdanin,Male,,,,,,,TFOH,39,,,,,Ghealdan,King of Ghealdan ,King,Dead,999 NE,,,,
Jom,,Unknown nationality,Male,,,,,,,,,TSR,26,TSR,26,,,,Dead,,,,,
Jisao Hamora,,Unknown nationality,Male,,,,Dark,,,,,LOC,Prologue,TGS,4,Younglings,,,Alive ,,Soldier,,,
Jimar Chubain,,Unknown nationality,Male,,,Black,,,,ACOS,Prologue,TGS,41,AMOL,9,White Tower,,High Captain,Alive ,,Soldier,,,
Jonan Adley,,Altaran,Male,,,,,,,,,LOC,11,TPOD,24,The Dragon Reborn,,Soldier (Asha'man),Dead,1000 NE,Asha'man,,,
Joal Ramedar,,Aldesharin,Male,,,,,,,LOC,26,,,,,,King of Aldeshar ,King,Dead,,,,,
Jidar,,Saldaean,Male,,,,,,,,,LOC,45,LOC,45,,,,Alive ,,Soldier,,,
Jheran,,Aiel,Male,,,"Graying, brown",,Slender,,TSR,28,TSR,57,AMOL,6, ,,,Alive ,,Clan chief,,Shaarad,
Jhoradin,,Aiel,Male,,,Red-golden,Blue,Squat,,,,TPOD,30,KOD,30,Sevanna,,,Dead,1000 NE,,,Unknown clan,Unknown sept
Jerum Nus,,Unknown nationality,Male,,,,,,,,,TOM,43,TOM,43,Children of the Light,,,Alive ,,Soldier,,,
Joao,,Shienaran,Male,,,,,,,,,TOM,23,TOM,23,Lan Mandragoran,,,Alive ,,Soldier,,,
Jerasid,,Andoran,Male,,,,,Broad and stocky,,,,TPOD,9,TPOD,9,Two Rivers,,,Alive ,,Farrier,,,
Jeral Florry,,Andoran,Male,,,,,Round,,,,TDR,40,TDR,40,,,,Alive ,,Innkeeper,,,
Jerinvar Barstere,,Andoran,Male,,,White,,,,,,TSR,56,TSR,56,Two Rivers,,,Alive ,,,,,
Jeral,,Unknown nationality,Male,,,,,,,,,TGH,29,TGH,29,Children of the Light,,,Alive ,,Soldier,,,
Jeordwyn Semaris,,Illianer,Male,,,,,,,,,TPOD,24,TPOD,24,Council of Nine,,,Alive ,,,,,
Jeordam,,Aiel,Male,,,,,,,,,TSR,25,TSR,25,,,,Dead,,,,Aiel,
Jenric,,Aiel,Male,,,,,Massive,,,,TFOH,3,TFOH,3, ,,,Alive ,,,,Unknown clan,Unknown sept
Jearom,,Unknown nationality,Male,,,,,,,TDR,24,,,,,White Tower,,,Dead,,Warder,,,
Jasfer Anan,,Altaran,Male,,,Gray,,,,,,ACOS,17,WH,29,,,,Alive ,,Ship captain,,,
Jen,,Altaran,Male,,,,,,,,,ACOS,16,,,,,,Alive ,,Servant,,,
Jeorad Manyard,,Andoran,Male,,,,,,,LOC,Epilogue,,,,,Artur Paendrag Tanreall,Governor of the Province of Andor ,Governor,Dead,,,,,
Jeorg Damentanis,,Illianer,Male,,,,Dark,,,,,KOD,20,KOD,20,,,,Alive ,,Merchant,,,
Jarid Sarand,,Andoran,Male,,,,,,,,,TFOH,19,AMOL,Prologue,House Marne,Lord,High Seat,Alive ,,,,,
Jaril,,Amadician,Male,,,,,,,,,TFOH,49,LOC,12,,,,Alive ,,,,,
Jarr,,Unknown nationality,Male,,,,,,,,,TOM,2,TOM,2,Perrin Aybara,,,Alive ,,Mercenary,,,
Jargen,,Kandori,Male,,,"Black, graying",,,,,,TOM,Prologue,TOM,Prologue,Kandor,,Sergeant,Dead,1000 NE,Soldier,,,
Jaret Byar,,Unknown nationality,Male,Tall,,Gray,Deep-set,Thin,,,,TEOTW,30,TOM,41,The Shadow,,Officer,Dead,1000 NE,Soldier,,,
Jaren,,Aiel,Male,,,,,,,TSR,26,,,,,,,,Dead,,,,Da'shain Aiel,
Jaric Mondoran,,Unknown nationality,Male,,,,,,,TSR,26,,,,,,,Aes Sedai (Age of Legends),Dead,,,,,
Jarel Soukovni,,Kandor,Male,,,,,,,RPG,,,,,,,King of Kandor ,King,Dead,,,,,
Jaq Lounalt,,Taraboner,Male,,,,,Lean,,TSR,38,COT,15,TOM,23,Darkfriend,,,Dead,1000 NE,,,,
Janwin,,Aiel,Male,,,Gray,Blue-gray,,,TFOH,2,ACOS,18,ACOS,18, ,,,Alive ,,Clan chief,,Shiande,
Jared Aydaer,,Andoran,Male,,,,,,,,,TSR,40,TSR,40,Two Rivers,,,Dead,999 NE,,,,
Jar Silvin,,Andoran,Male,,,Gray,,,,,,TFOH,12,TFOH,12,Gareth Bryne,,,Alive ,,,,,
Jame,,Seanchan,Male,,,,,,,,,AMOL,11,AMOL,11,,,,Alive ,,Bouncer,,,
Janduin (father),,Aiel,Male,,,,,,,TSR,34,,,,,,,,Dead,979 NE,Clan chief,,Taardad,Iron Mountain
Jander Parentakis,,Unknown nationality,Male,,,,,,,WH,Prologue,,,,,School of Cairhien,,,Alive ,,Inventor,,,
Janduin,,Aiel,Male,Tall,,Blond,,,,,,TOM,49,TOM,49,,Child of the Dragon ,,Foreseen,,,,,
Jalanda (Ogier),,,Male,,,,,,Ogier,TDR,50,,,,,,,,Dead,,Historian,,,
Jakob Hernvil,,Andoran,Male,Short,,,,Lean,,,,KOD,17,KOD,17,House Marne,,,Alive ,,Secretary,,,
Jak Masond,,,Male,Short,Stocky,,,,,,,TPOD,22,TPOD,24,Dragon Reborn,,,Alive ,,,,,
Jalid Magonine,,Seanchan,Male,,,,,,,COT,4,,,,,,,,Alive ,,Craftsman,,,
Jak,,Andoran,Male,,,,,Big,,,,TEOTW,32,TEOTW,32,,,,Alive ,,Bouncer,,,
Jaim Thane,,Andoran,Male,,,,,,,TSR,43,,,,,Two Rivers,,,Alive ,,,,,
Jaim Torfinn,,Andoran,Male,,,,,,,,,TSR,33,TOM,46,Logain Ablar,,Soldier (Asha'man),Alive ,,Asha'man,,,
Jaim Aybara,,Andoran,Male,,,"Dark, curly",,,,,,TSR,53,TSR,56,Two Rivers,,,Alive ,,,,,
Jaim Dawtry,,Andoran,Male,,,,,,,,,TOM,24,TOM,24,Perrin Aybara,,,Alive ,,Soldier,,,
Jaim,,Unknown nationality,Male,,,Gray,,,,,,NS,1,NS,1,Lan Mandragoran,,,Alive ,,Soldier,,,
Jaim Adarra,,Unknown nationality,Male,,,,,,,,,TDR,35,TDR,41,,,,Alive ,,Ship captain,,,
Jailin Maran,,Andoran,Male,,,,,,,COT,Prologue,,,,,House Marne,,,Alive ,,,,,
Jaichim Carridin,,Amadician,Male,Tall,,Gray at temples,Dark,,,,,TGH,Prologue,TPOD,28,Darkfriend,,Inquisitor,Dead,1000 NE,Inquisitor,,,
Jahar Narishma,977 NE,Arafellin,Male,,,"Dark, in long braids",Dark,,,LOC,28,LOC,42,AMOL,39,The Dragon Reborn,,Asha'man,Alive ,,Warder,,,
Jaem Dawlish,,Andoran,Male,,,,,,,KOD,35,,,,,Elayne Trakand,,,Alive ,,Servant,,,
Jaem,922NE,Unknown nationality,Male,,,,,Wiry,,,,TGH,22,KOD,32,Rebel Aes Sedai,,,Dead,1000 NE,Warder,,,
Jaem,,,Male,,,,,,,TEOTW,4,,,,,,Jaem the Giant-Slayer ,,Fictional character,,,,,
Jac al'Seen,,Andoran,Male,,,"Balding, gray",,Stocky,,,,TSR,32,TSR,56,Two Rivers,,,Alive ,,,,,
Jadranka,,Seanchan,Male,Short,,,,Thin,,,,TPOD,23,TPOD,23,,,,Dead,1000 NE,,,,
Musenge,,Seanchan,Male,,,,,Stocky,,,,WH,14,AMOL,17,,,Captain,Alive ,,Deathwatch Guard,,,
Noy Torvald,,Amadician,Male,,,,,,,TFOH,10,,,,,,,,Alive ,,,,,
Jac Wynn,,Murandian,Male,,,,,,,NS,5,,,,,,,,Dead,978 NE,Soldier,,,
Musar,,Saldaean,Male,Short,,,Tilted dark,,,LOC,2,LOC,2,LOC,2,,Noble ,Soldier,Alive ,,,,,
Jaalam Nishur,,Domani,Male,Tall,,,,,,,,COT,Prologue,,,Arad Doman,,Officer,Dead,1000 NE,Soldier,,,
Nuhel Dromand,,Illian,Male,Tall,,"Dark, shoulder length",,Bulky,,,,TFOH,27,KOD,1,White Tower,,,Alive ,,Warder,,,
Norowhin,,Unknown nationality,Male,,,,,Lanky,,,,LOC,29,LOC,29,Children of the Light,,,Alive ,,Soldier,,,
Noreladim,,Domani,Male,,,,,Stumpy,,,,TGS,31,TGS,31,,,,Alive ,,,,,
Noam,,Ghealdan,Male,,,,Burnished golden,,,,,TDR,8,TOM,Epilogue,,,,Alive ,,,,,
Nikiol Dianatkhah,,Saldaean,Male,,,,,,,TOM,16,,,,,,,,Dead,,King,,,
Nils,,Domani,Male,,,,,,,,,TOM,18,TOM,18,Dragon Reborn,,Lieutenant,Alive ,,Soldier,,,
Nidao,,Shienaran,Male,,,,,,,,,TGH,3,,,Darkfriend,,,Dead,998 NE,Guard,,,
Nico,,Ghealdanin,Male,,,,,,,,,TDR,8,TDR,8,,,,Alive ,,Stableman,,,
Niagen,,Aiel,Male,,,,,,,TGS,21,TOM,43,TOM,43,Shaido,,,Alive ,,,,Unknown clan,Unknown sept
Niach Okatomo,,Kandori,Male,,,,,,,TOM,Prologue,,,,,Kandor,Lord,,Dead,,Soldier,,,
Nicoli Merseneos den Ballin,,Illianer,Male,,,,,,,TDR,42,,,,,,King of Illian ,King,Dead,,,,,
Nethan,,Unknown nationality,Male,Tall,,White wings at temples,,Lean,,,,WH,23,TGS,7,White Tower,,,Alive ,,Warder,,,
Ned Yarman,,Unknown nationality,Male,Tall,,"Yellow, shoulder length",Blue,,,,,WH,7,,,Rebel Aes Sedai,,,Dead,1000 NE,Warder,,,
Nerim,,Cairhienin,Male,Short,,Gray,,Skinny,,,,LOC,22,KOD,26,Band of the Red Hand,,,Alive ,,Servant,,,
Nazran,,Domani,Male,,,,Black,Square,,,,TPOD,12,TPOD,12,,,,Alive ,,,,,
Nengar,,Shienaran,Male,"5'11""",,Shaven bald,,,,TFOH,38,COT,7,COT,7,Masema Dagar,,,Dead,1000 NE,,,,
Nevin,,Altaran,Male,,,,,,,,,ACOS,16,,,,,,Dead,,Unknown occupation,,,
Nerion Torelvin,,Cairhienin,Male,,,,,,,COT,5,,,,,Cha Faile,,,Alive ,,,,,
Nazar Kurenin,,Malkieri,Male,,,Short,,,,,,NS,15,TOM,23,Lan Mandragoran,,,Dead,1000 NE,,,,
Natley Lewin,,Andoran,Male,,,,,Wide,,,,TSR,32,TSR,32,Two Rivers,,,Alive ,,,,,
Nat Torfinn,,Andoran,Male,,,"White, thin",,,,COT,8,,,,,Two Rivers,,,Alive ,,,,,
Nathin Sarmain Vendare,,Altaran,Male,,,,,,,KOD,11,,,,,,Lord,,Alive ,,,,,
Nasin Caeren,,Andoran,Male,,,"Thin, white",,Gaunt,,,,TFOH,19,KOD,17,House Marne,Lord,High Seat,Dead,1000 NE,,,,
Nashif,,Unknown nationality,Male,,,,,,,TSR,34,,,,,,,General,,,,,,
Narasim Bhuran,,Unknown nationality,Male,,,,,,,LOC,26,,,,,,,General,Dead,,,,,
Naorman Mashinta,,Tar Valon,Male,,,,,,,,,TGS,36,TGS,36,,,,Alive ,,Cobbler,,,
Nangu,,Shienaran,Male,,,Shaven bald,,,,TFOH,38,,,,,Masema Dagar,,,Dead,1000 NE,,,,
Nadric,,Aiel,Male,Very tall,,,,Thick,,,,COT,9,COT,9,Sevanna,,,Alive ,,,,Shaido,Unknown sept
Nalesean Aldiaya,,Tairen,Male,,,,,Blocky,,TFOH,44,,,ACOS,38,Band of the Red Hand,Lord,Banner-General,Dead,1000 NE,Soldier,,,
Naeff,,Andoran,Male,Tall,,,,Lean,,,,TGS,1,AMOL,37,Dragon Reborn,,Asha'man,Alive ,,,,,
Kralle,,Kandori,Male,,,,,,,,,TOM,Prologue,TOM,Prologue,Kandor,,,Dead,1000 NE,Soldier,,,
Nadoc,,Seanchan,Male,,,,,Big,,,,TPOD,23,TPOD,23,,,,Alive ,,,,,
Kragil,,Unknown nationality,Male,,,,,,,AMOL,9,,,,,,,,Dead,1000 NE,,,,
Kolom,,,Male,,,,,,Ogier,LOC,49,,,,,,,,Dead,,,,,
Koimal,,,Male,,,,,,Ogier,LOC,54,,,,,,,,Dead,,,,,
Kostelle,,Altaran,Male,,,Gray,,,,,,KOD,11,KOD,11,,,,Alive ,,Merchant,,,
Kyril Shianri,,Arafellin,Male,Tall,,,,Lean,,,,TPOD,Prologue,TPOD,Prologue,Arafel,,,Alive ,,Lord,,,
Kodam,,Unknown nationality,Male,,,,,,,TSR,26,,,,,,,Aes Sedai (Age of Legends),Dead,,,,,
Kuehn,,Shienaran,Male,,,,,,,,,TOM,23,TOM,23,Lan Mandragoran,,,Alive ,,Soldier,,,
Kirkun,,Saldaean,Male,,,,,,,,,KOD,20,KOD,20,,,,Dead,1000 NE,Soldier,,,
Kiril Drapaneos,,Illianer,Male,Tall,,,,Stork-like,,,,TPOD,23,TPOD,24,Dragon Reborn,Lord,,Alive ,,,,,
Kline,,Unknown nationality,Male,,,,,,,AMOL,37,,,,,White Tower,,,Alive ,,Warder,,,
Kirin Almeyda,,Ghealdanin,Male,,,,,,,RPG,,,,,,,King of Ghealdan ,King,Dead,,,,,
Kireyin,,Ghealdanin,Male,,,,,Lean,,,,COT,25,COT,27,Perrin Aybara,Lord,,Alive ,,Soldier,,,
Kindlin,,Andoran,Male,,,,,,,KOD,13,,,,,Queen's Guard,,Captain,Alive ,,Soldier,,,
Kin,,Unknown nationality,Male,,,,,,,,,TFOH,17,TFOH,48,Valan Luca,,,Alive ,,Entertainer,,,
Kin Tovere,,Cairhienin,Male,,,Bald,,Stocky,,,,TFOH,41,LOC,18,The Dragon Reborn,,,Alive ,,Lensmaker,,,
Kimtin,,Unknown nationality,Male,,,,,,,AMOL,37,,,,,,,,Dead,,,,,
Kev Barstere,,Andoran,Male,,,,,,,,,KOD,29,KOD,29,Two Rivers,,,Alive ,,,,,
Murellin,,,Male,,,,,Hulking,,,,TPOD,28,COT,15,Darkfriend,,,Alive ,,,,,
Kinhuin,,Aiel,Male,,,,Green,,,,,TPOD,11,KOD,30,Sevanna,,,Dead,1000 NE,,,Unknown clan,Unknown sept
Kevrim al'Azar,,Andoran,Male,,,,,,,,,TSR,56,TSR,56,Two Rivers,,,Alive ,,,,,
Muradin,,Aiel,Male,,,,,,,TSR,23,TSR,25,,,,,,Dead,999 NE,,,Shaido,Unknown sept
Muad Cheade,,Saldaean,Male,,,,,,,LOC,2,,,,,Saldaea,,Marshal-General,Dead,,Soldier,,,
Muadh,,Unknown nationality,Male,,,,,,,,,TGH,29,TGH,29,Children of the Light,,,Dead,999 NE,Soldier,,,
Mosk,,,Male,,,,,,,TEOTW,4,,,,,,Mosk the Giant ,,Fictional character,,,,,
Murel,,Seanchan,Male,,,,Tilted,Lean,,,,KOD,7,KOD,7,,,,Alive ,,Soldier,,,
Moshea,,,Male,,,,,,,TSR,41,,,,,,,,Alive ,,,,,
Moridin,,,Male,"Very tall/ 6 feet 5,  as tall as Rand",,Black,"Blue, black flecked",Broad-shouldered,,,,ACOS,20,AMOL,Prologue,,, ,Dead,,,,,
Morly Hardlin,,Unknown nationality,Male,,,,,,,,,TPOD,26,TPOD,26,Logain Ablar,,Asha'man,Alive ,,Asha'man,,,
Morear,,Andoran,Male,,,,,,,,,AMOL,Prologue,AMOL,Prologue,,,,,,Soldier,,,
Moressin Damodred,,Cairhienin,Male,,,,,,,NS,5,,,,,,Lord,,Dead,978 NE,,,,
Morel,,,Male,,,,,,Ogier,LOC,20,,,,,,,,Dead,,,,,
Mordeth,,,Male,,,,,,,,,TEOTW,19,AMOL,47,,,,Dead,,,,,
Mord,,Domani,Male,,,,,,,TGS,32,,,,,,,,Alive ,,Questioner,,,
Moor,,Unknown nationality,Male,,,,,,,TOM,1,,,,,,,,Alive ,,Farmer,,,
Mintel,,Sharan,Male,,,,,,,,,,,AMOL,37,Bao the Wyld,,Abrishi,Dead,,,,,
Modair Paendrag,FY 942,Shandalle,Male,,,,,,,RPG,,,,,,,Prince ,,Dead,FY 959,Soldier,,,
Montem al'San,,Andoran,Male,,,,,,,,,TOM,10,TOM,10,Perrin Aybara,,,Alive ,,Soldier,,,
Mezar Kurin,,Domani,Male,Short,,Graying,,,,,,WH,Prologue,AMOL,8,The Shadow,,Asha'man,Alive ,,Dreadlord,,,
Moad din Nopara Red Hawk,,,Male,,,Gray,Hard,,,,,ACOS,34,WH,35,,,Swordmaster,Alive ,,,,,
Metwyn,,Cairhienin,Male,,,,,Slender,,,,ACOS,38,KOD,26,Band of the Red Hand,,Redarm,Alive ,,Soldier,,,
Mikel,,Unknown nationality,Male,,,,,,,,,TGH,47,,,Horn of Valere,,Hero of the Horn,Bound to the Wheel,,,,,
Milam Harnder,,Andoran,Male,,,Bald,,,,LOC,46,,,,,Demira Eriff,,,Alive ,,Librarian,,,
Mishael,,,Male,,,,,,,WH,23,,,,,,,,Alive ,,,,,
Metalan,,Aiel,Male,Tall,,,,,,TOM,48,,,,,,,,Unknown,,Unknown occupation,,Unknown clan,Unknown sept
Merk (farmer),,Borderlander,Male,,,,,,,,,TGS,Prologue,TGS,Prologue,,,,Alive ,,Farmer,,,
Mikhel Najirah,,Seanchan,Male,,,Graying,,Lanky,,,,KOD,Prologue,KOD,Prologue,,,Banner-General,Alive ,,,,,
Mervin Poel,,Unknown nationality,Male,,,Bald,,,,,,LOC,18,WH,Prologue,School of Cairhien,,,Alive ,,Inventor,,,
Meresin Daganred,,Cairhienin,Male,,,Shaved,,Slender,,,,TFOH,30,LOC,5,Band of the Red Hand,Lord,Lieutenant,Alive ,,Soldier,,,
Merk,,,Male,,,,,,,TSR,20,,,,,,Merk the Giant ,,Fictional character,,,,,
Merekel,,Shienaran,Male,,,,,,,,,TOM,23,TOM,23,Lan Mandragoran,,,Alive ,,Soldier,,,
Nad,,Altaran,Male,,,Black,Beady,Muscular,,,,ACOS,17,ACOS,17,Darkfriend,,,Alive ,,Thug,,,
Kennit,,Unknown nationality,Male,,,,,,,WH,10,,,,,,,,Alive ,,Warder,,,
Kennar Miraj,,Seanchan,Male,,,,,,,,,TPOD,24,,,,,Captain-General,Dead,1000 NE,Soldier,,,
Kert Wagoner,,Andoran,Male,,,,,,,,,AMOL,1,AMOL,1,Two Rivers,,,Alive ,,Farmer,,,
Kerb,,Domani,Male,,,Light,,Spindly,,,,TGS,32,TGS,33,,,,Dead,,Apprentice,,,
Kenley Ahan,,Andoran,Male,,,,,,,,,TEOTW,Ravens,TSR,40,Two Rivers,,,Dead,999 NE,,,,
Kelwin Janevor,,Andoran,Male,,,,,Wiry,,,,KOD,17,KOD,32,House Trakand,Lord,,Alive ,,,,,
Kendral,,Arafellin,Male,,,,,,,TOM,42,,,,,Lan Mandragoran,,Prince,Alive ,,,,,
Kely Huldin,,Andoran,Male,,,,,,,LOC,3,LOC,3,LOC,3,,,,Alive ,,Weaver,,,
Kayen Yokata,,Shienar,Male,,,,,,,,,WH,27,WH,27,,Lord of Fal Eisen ,Lord,Dead,1000 NE,,,,
Keemlin Rai,,Kandori,Male,,,,,,,,,TOM,Prologue,TOM,Prologue,Kandor,,,Dead,1000 NE,Soldier,,,
Kenly Maerin,,Andoran,Male,Short,,,,Stocky,,,,ACOS,1,TOM,24,Perrin Aybara,,,Alive ,,Soldier,,,
Karldin Manfor,,Andoran,Male,,,Pale,,,,,,ACOS,2,AMOL,37,The Dragon Reborn,,Asha'man,Dead,,Asha'man,,,
Karile,,Unknown nationality,Male,,,"Golden, Bearded",,Very large,,,,NS,7,NS,7,,,,Dead,979 NE,Warder,,,
Karm,,Seanchan,Male,,,,,,,,,TGS,Prologue,TGS,Prologue,,,Quartermaster,Alive ,,,,,
Kashgar,,Saldaean,Male,,,,,Lean,,,,KOD,Prologue,KOD,Prologue,Children of the Light,,Under-Lieutenant,Alive ,,Soldier,,,
Karam,,Andoran,Male,,,,,,,,,AMOL,Prologue,AMOL,Prologue,,Lord,,,,Soldier,,,
Kappre,,Domani,Male,,,,,,,,,TOM,21,TOM,21,Dragon Reborn,,,Alive ,,Soldier,,,
Kash,,Unknown nationality,Male,,,,,,,TOM,46,AMOL,42,AMOL,42,The Shadow,,Asha'man,Alive ,,Asha'man,,,
Kajin,,Shienaran,Male,tall,,,,,,TGH,6,TGH,8,TGH,9,,Lord,,alive ,,Guard,,,
Mendan,,Aiel,Male,,,,Blue,Broad,,,,TPOD,Prologue,TPOD,Prologue,,,,Alive ,,,,Unknown clan,Unknown sept
Meneril,,Cairhienin,Male,,,,,,,,,LOC,4,LOC,4,The Dragon Reborn,Lord,,Alive ,,,,,
Melarned,,Domani,Male,,,,,Squat,,,,TGS,10,TGS,10,Dragon Reborn,,,Alive ,,Soldier,,,
Melten,,Borderlander,Male,,,,,Lean,,,,AMOL,Prologue,AMOL,Prologue,Band of the Red Hand,,,Alive ,,Soldier,,,
Meilan Mendiana,,Tairen,Male,Tall,,Gray,Dark,Lean,,,,TSR,8,LOC,53,The Dragon Reborn,High Lord of Tear,,Dead,999 NE,,,,
Melanril Asegora,,Tairen,Male,,,,Dark,,,,,TFOH,43,TFOH,44,,,,Dead,999 NE,,,,
Mehtan,,Seanchan,Male,,,,,,,,,KOD,12,KOD,12,,,,Dead,,Clerk,,,
Kalyan Ramsin,,Saldaean,Male,,,,,,,,,TPOD,Prologue,AMOL,10,,Lord,,Alive ,,,,,
Mazone,,Unknown nationality,Male,,,,,,,,,TOM,22,TOM,42,White Tower,,,Dead,1000 NE,Soldier,,,
Mazrim Taim,967 NE,Saldaean,Male,Tall,,Black,,,,TEOTW,13,LOC,2,AMOL,37,,M'Hael,Chosen,Dead,1000 NE,Asha'man,,,
Mattin Stepaneos den Balgar,,Illianer,Male,,,Balding,,Muscular,,TFOH,41,KOD,2,TOM,27,,King of Illian ,King,Alive ,,,,,
Mavabwin,,Cairhienin,Male,,,,,,,,,TOM,50,TOM,50,Elayne Trakand,Lord,,Alive ,,,,,
Meciar,,Aiel,Male,,,,,Bulky,,,,TFOH,54,TFOH,54, ,,,Alive ,,,,Unknown clan,Unknown sept
Matrim Cauthon,978 NE,Andoran,Male,"1 span, 1 foot, 2 inches",18 stone,Brown,Brown,,,,,TEOTW,Ravens,AMOL,Epilogue,Band of the Red Hand,The Prince of the Ravens,General,Alive ,,,,,
Matraine Colmcille,,Cairhienin,Male,,,,,,,RPG,,,,,,,King of Cairhien ,King,Dead,,,,,
Matoun,,Saldaean,Male,,,,,,,KOD,27,,,,,Davram Bashere,,,Alive ,,Soldier,,,
Master Harod,,Ghealdanin,Male,,,,,,,,,TDR,8,TDR,9,,,,Alive ,,Innkeeper,,,
Masuto,,Shienaran,Male,,,,,,,,,TDR,2,TDR,2,,,,Alive ,,,,,
Masic,,Altaran,Male,,,,,,,,,LOC,52,LOC,52,,,,Dead,,,,,
Master Grinwell,,Andoran,Male,,,,,,,,,TEOTW,31,TEOTW,31,,,,Alive ,,Farmer,,,
Master Padwhin,,Andoran,Male,,,,,,,TGH,12,,,,,Two Rivers,carpenter ,,Alive ,,,,,
Masema Dagar,,Shienaran,Male,,,"Shaved, previously a topknot",Dark,,,,,TGH,3,TGS,Prologue,Dragonsworn,Prophet of the Dragon ,,Dead,1000 NE,Soldier,,,
Martyn Tallanvor,,Andoran,Male,Tall,,,Dark,,,,,TEOTW,40,TOM,44,Perrin Aybara,,,Alive ,,Soldier,,,
Martan,,Unknown nationality,Male,,,,Brown,Strapping,,,,NS,6,NS,6,,,,Alive ,,Clerk,,,
Kaisel Noramaga,,Kandori,Male,,,,,,,,,TOM,42,AMOL,29,Lan Mandragoran,Prince ,,Alive ,,,,,
Maringil,,Cairhienin,Male,Tall,,"Shoulder-length, white",,Thin,,,,TFOH,45,LOC,50,The Dragon Reborn,Lord,,Dead,999 NE,,,,
Marind,,Aiel,Male,,,,,,,TSR,26,,,,,,,,Dead,,,,Da'shain Aiel,
Maric,,Aiel,Male,Very tall,,,"Gray, cold",,,,,LOC,27,LOC,27, ,,,Alive ,,,,Unknown clan,Unknown sept
Marlesh,,Unknown nationality,Male,Short,,,,Narrow,,,,TGS,13,TGS,13,White Tower,,,Alive ,,Warder,,,
Marek Cormer,,Andoran,Male,,,,,,,,,TOM,34,TOM,34,Perrin Aybara,,,Alive ,,Soldier,,,
Maraconn,,Tairen,Male,,,,Blue,,,TSR,21,TFOH,46,TPOD,24,The Dragon Reborn,High Lord of Tear,,Dead,1000 NE,,,,
Mardry,,Murandian,Male,,,,,,,,,TGS,27,TGS,27,,,,Alive ,,Gambler,,,
Marac den Norvin,,Illianer,Male,,,,,Stout,,,,TPOD,13,TPOD,13,Council of Nine,,,Alive ,,,,,
Mangore Kiramin,,Aramaelle,Male,,,,,,,ACOS,Prologue,,,,,,,Warder,Dead,,Bard,,,
Mar,,Unknown nationality,Male,Tall,,,,Lanky,,LOC,38,LOC,40,AMOL,Prologue,Band of the Red Hand,,Scout,Alive ,,Soldier,,,
Mantual,,Seanchan,Male,,,,,,,,,KOD,34,KOD,34,Ever Victorious Army,,,Alive ,,Servant,,,
Manel Rochaid,,Murandian,Male,Tall,,,,,,,,LOC,42,,,Darkfriend,Baijan'm'hael,Asha'man,Dead,1000 NE,Asha'man,,,
Mangin,,Aiel,Male,Tall,,,Gray,,,,,TSR,7,LOC,17, ,,,Dead,999 NE,,,Taardad,Jindo
Mandelain,,Aiel,Male,,,Balding,,,,TFOH,2,ACOS,18,ACOS,18, ,,,Alive ,,Clan chief,,Daryne,
Manderic,,Aiel,Male,Tall,,,,,,,,TSR,23,TFOH,44,Shaido,,,Dead,1000 NE,Warrior,,Shaido,
Mandein,,Aiel,Male,,,,,,,,,TSR,25,TSR,25,,Sept Chief ,,Dead,,,,Aiel,
Manal,,Cairhienin,Male,,,Gray,,,,LOC,54,LOC,54,LOC,54,,,,Alive ,,Boatmen,,,
Mandhuin,,Aiel,Male,,,,,Heavyset,,,,TSR,57,TSR,57,,,,Alive ,,,,Goshien,Unknown sept
Managan,,Malkier,Male,,,,,Lean,,,,KOD,20,TOM,23,Lan Mandragoran,,,Alive ,,Merchant,,,
Mallone,,Unknown nationality,Male,,,,,,,,,AMOL,37,AMOL,37,Children of the Light,,,Alive ,,Soldier,,,
Mahiro Shukosa,,Kandori,Male,,,Graying,,,,,,LOC,49,LOC,49,White Tower,,,Alive ,,Warder,,,
Malain,,Saldaean,Male,,,,,,,,,TOM,32,TOM,32,Dragon Reborn,,,Alive ,,Soldier,,,
Maeric,,Aiel,Male,,,,,Blocky,,,,ACOS,Prologue,ACOS,40,Sevanna,,,Dead,1000 NE,,,Shaido,Moshaine
Malenarin Rai,,Kandori,Male,,,,,,,,,TOM,Prologue,TOM,Prologue,Kandor,,Commander,Dead,1000 NE,Soldier,,,
Malalin,,Altaran,Male,,,,,,,TGS,19,,,,,,Lord,,Alive ,,,,,
Makzim,,Unknown nationality,Male,,,,,,,TOM,22,,,,,White Tower,,,Alive ,,Warder,,,
Maecine,,,Male,,,,,,,TFOH,22,,,,,,King of Eharon ,King,Dead,,,,,
Maedin Bashere,,Saldaean,Male,,,,,,,TSR,41,,,,,,,,Alive ,,,,,
Madwin,,Unknown nationality,Male,,,,,,,KOD,27,,,,,Band of the Red Hand,,Officer,,,Soldier,,,
Madresin Mandevwin,,Cairhienin,Male,,,Gray streaks,,Stocky,,,,KOD,27,TGS,36,Band of the Red Hand,,Captain,Alive ,,Soldier,,,
Madoc Comadrin,,Unknown nationality,Male,,,,,,,LOC,5,,,,,,,General,Dead,,Soldier,,,
Madic,,Altaran,Male,,,Balding,,,,,,ACOS,16,TPOD,2,Darkfriend,,,Dead,1000 NE,Servant,,,
Malvin,,Unknown nationality,Male,,,,,,,,,NS,5,NS,5,White Tower,,Under-lieutenant,Alive ,,Soldier,,,
Macoll,,Unknown nationality,Male,,,,,,,,,KOD,37,KOD,37,Band of the Red Hand,,Bannerman,Alive ,,Soldier,,,
Machir,,Domani,Male,,,,,,,COT,Prologue,,,,,Arad Doman,Lord,,Alive ,,,,,
Hurd,,Altaran,Male,,,Almost bald,,Squat,,,,KOD,6,KOD,6,,,,Alive ,,Stableman,,,
Machan,,Unknown nationality,Male,,,,,,,TFOH,27,,,,,White Tower,,,Alive ,,Warder,,,
Huan Mallia,,Tairen,Male,Tall,,Dark,Pale blue,,,,,TDR,32,TDR,40,,,,Alive ,,Ship captain,,,
Huan,,Seanchan,Male,,,"Pale golden, shoulder length braid",,,,,,TGH,29,TGH,34,,,,Dead,998 NE,,,,
Macharan,,Andoran,Male,,,,,Bear-like,,LOC,28,TPOD,18,TPOD,18,,Lord,,Alive ,,,,,
Ma'combe,,Seanchan,Male,,,,,,,,,TGS,19,TGS,19,,,,Alive ,,,,,
Hu al'Dai,,Andoran,Male,,,,,,,,,TSR,43,TSR,43,Two Rivers,,,Alive ,,,,,
Howal Gode,,Andor,Male,,,,,,,,,TEOTW,26,TEOTW,32,Darkfriend,,,Dead,998 NE,Merchant,,,
Hoffley,,Andoran,Male,,,,,,,KOD,26,,,,,,,,Alive ,,Banker,,,
Hu Barran,,Andoran,Male,,,,,Lanky,,TEOTW,2,TEOTW,4,TOM,10,Perrin Aybara,,,Alive ,,Stableman,,,
Hu Marwin,,Andoran,Male,,,,,,,,,TSR,33,COT,8,Two Rivers,,,Alive ,,Soldier,,,
Hirshanin,,Ghealdanin,Male,,,,,,,,,TOM,40,TOM,40,Perrin Aybara,,,Alive ,,Soldier,,,
Hornwell,,Andoran,Male,,,Gray,,,,,,TPOD,20,TPOD,20,Morgase Trakand,,,Alive ,,,,,
Huan,,Tairen,Male,,,,,,,NS,6,,,,,,,,Dead,,,,,
Herod,,Ghealdanin,Male,,,,,,,,,TDR,8,TDR,8,,,,Alive ,,Innkeeper,,,
Hightower,,Andoran,Male,,,,,,,TEOTW,11,TEOTW,11,,,Two Rivers,,,Alive ,,Ferrymaster,,,
Herid Fel,,Andoran,Male,,,Gray,,Stout,,,,LOC,18,LOC,Epilogue,The Dragon Reborn,,,Dead,1000 NE,Historian,,,
Hirare Nachiman,,Arafel,Male,,,,,,,,,,,,,,Lord,Noble,Dead,976 NE,General,,,
Heran Adan,,Andoran,Male,,,,,,,TEOTW,13,,,,,,,,Alive ,,Governor,,,
Henren,,Andoran,Male,,,Bald,,Blocky,,,,LOC,1,LOC,2,Dragon Reborn,Lord,,Alive ,,,,,
Hend,,Unknown nationality,Male,,,,,Large,,,,AMOL,39,AMOL,43,Horn of Valere,,Hero of the Horn,Bound to the Wheel,,,,,
Helmke,,Domani,Male,,,,,Long-limbed,,,,TOM,21,TOM,21,Dragon Reborn,,,Alive ,,Soldier,,,
Hehyal,,Aiel,Male,,,,,,,,,TOM,49,TOM,49,,,,Foreseen,,,,Taardad,
Havien Nurelle,,Mayener,Male,,,,,Slender,,,,LOC,17,WH,15,Perrin Aybara,,Lord Lieutenant,Alive ,,Soldier,,,
Hearne,,Tairen,Male,,,,,,,TSR,21,TFOH,46,TGS,42,The Dragon Reborn,Lord,High Lord,Alive ,,,,,
Haster Nalmat,,Saldaea,Male,,,,,,,,,TGS,32,TGS,32,,,,Alive ,,Soldier,,,
Henre Haslin,,Andoran,Male,,,"Balding, white",,,,LOC,11,LOC,41,LOC,42,Dragon Reborn,,,Alive ,,,,,
Harvell,,Cairhienin,Male,,,,,,,,,TOM,31,TOM,31,Band of the Red Hand,,,Alive ,,,,,
Heirn,,Aiel,Male,Tall,,,,Slender,,,,TSR,23,TGS,3, ,,Sept chief,Alive ,,,,Taardad,Jindo
Hartha,,Seanchan,Male,Tall,,,Black,Wide,Ogier,,,COT,4,KOD,37,,,First Gardener,Alive ,,Gardener,,,
Haviar,,Tairen,Male,,,,,,,COT,5,,,,,Cha Faile,,,Alive ,,,,,
Harril,,Unknown nationality,Male,,,Dark,,Stocky,,,,COT,Prologue,KOD,Prologue,White Tower,,,Alive ,,Warder,,,
Harnan,,Tairen,Male,,,,,,,,,LOC,5,AMOL,37,Band of the Red Hand,,File-Leader,Unknown,,Soldier,,,
Hari Coplin,,Andoran,Male,,,,,,,,,TEOTW,9,TSR,56,Two Rivers,,,Alive ,,Farmer,,,
Hari,,Unknown nationality,Male,,,,Narrow,Thin,,,,TPOD,7,COT,27,Dragonsworn,,,Dead,1000 NE,Soldier,,,
Haren Maseed,,Taraboner,Male,,,,,,,RPG,,,,,,Artur Hawkwing,Panarch of Tarabon ,Panarch,Dead,,,,,
Hammar,,Unknown nationality,Male,,,,,Solid,,,,TDR,24,TDR,24,White Tower,,,Dead,999 NE,Warder,,,
Haral Luhhan,950 NE,Andoran,Male,6'5'',,,,"Large, Muscular",,,,TEOTW,2,TSR,56,Two Rivers,Village Councilor,,Alive ,,Blacksmith,,,
Hanselle Renshar,,Andoran,Male,,,,,Slender,,,,KOD,35,KOD,35,House Trakand,Lord,,Alive ,,,,,
Hamal,,Aiel,Male,Tall,,,,Big,,,,ACOS,40,ACOS,40,Shaido,,,Alive ,,Blacksmith,,Shaido,Moshaine
Hamad,,Saldaean,Male,,,,"Green, tilted",,,,,LOC,16,KOD,27,Davram Bashere,,,Alive ,,Soldier,,,
Hamarashle,,Cairhienin,Male,,,,,,,,,TOM,50,TOM,50,Cairhien,Lord,,Alive ,,,,,
Han,,Aiel,Male,Average,,White,,Stocky,,TSR,49,TSR,57,LOC,4, ,,,Alive ,,Clan chief,,Tomanelle,
Haman,,,Male,Rand,,White,,,Ogier,,,LOC,20,AMOL,16,,,Elder,Alive ,,,,,
Halvate,,Seanchan,Male,,,,,,,TOM,47,,,,,,,High Lord,Dead,,,,,
Halwin Norry,,Andoran,Male,Tall,,,,Bony,,,,LOC,10,TOM,45,House Trakand,,,Alive ,,First Clerk,,,
Haindar,,Unknown nationality,Male,,,,,,,TSR,26,,,,,,,Aes Sedai (Age of Legends),Dead,,,,,
Halvar,,Mayener,Male,,,,,,,TSR,6,,,,,,First of Mayene,,Dead,,First of Mayene,,,
Halan,,,Male,,,,,,Ogier,TEOTW,36,,,,,,,,Unknown,,,,,
Hal Moir,,Unknown nationality,Male,,,,,,,,,LOC,Prologue,TGS,13,Younglings,,,Alive ,,Soldier,,,
Hahn,,Andoran,Male,Tall,,Dark,,,,,,TOM,1,TOM,1,,,,Alive ,,,,,
Haesel,,Altaran,Male,,,,,,,,,ACOS,16,,,,,,Alive ,,Servant,,,
Hafeen Bakuvun,,Domani,Male,Short,,"Gray, thinning",,Stout,,,,KOD,16,KOD,35,House Trakand,,Captain,Alive ,,Mercenary,,,
Had,,Andoran,Male,,,,,,,TSR,56,,,,,Two Rivers,,,Alive ,,,,,
Hadnan Kadere,,Saldaean,Male,,Very Heavy (All muscle),,Dark,,,,,TSR,36,TFOH,52,Darkfriend,,,Dead,999 NE,Peddler,,,
Haerm,,Illianer,Male,,,,,,,,,AMOL,21,AMOL,21,,,General,Alive ,,,,,
Ivon,,Cairhienin,Male,,,,,,,TGH,26,,,,,,,,Alive ,,Blacksmith,,,
Hachari,,Saldaean,Male,Short,,,Tilted dark,,,LOC,2,LOC,2,LOC,2,,Noble ,Soldier,Alive ,,,,,
Had al'Lora,,Andoran,Male,,,,,Lean,,,,KOD,26,KOD,26,Two Rivers,,,Alive ,,Soldier,,,
Ivon,,Unknown nationality,Male,,,,,,,,,TSR,1,TSR,1,Children of the Light,,,Alive ,,Soldier,,,
Ismic,,Kandori,Male,,,,,,,TPOD,Prologue,,,,,,Lord,Lord,Alive ,,,,,
Ishamael,Age of Legends,,Male,Tall,,Black,Fiery,,,,,TEOTW,Prologue,TDR,56,,Ba'alzamon ,Chosen,Dead,999 NE,,,,
Istaban Novares,,Tairen,Male,,,,,,,RPG,,,,,,,High Lord of Tear,,Dead,,,,,
Iralin,,Domani,Male,Tall,,,,Willowy,,,,TGS,42,TOM,25,Council of Merchants,,,Alive ,,Merchant,,,
Ishigari Terasian,,Arafellin,Male,,,,,Fat,,,,TPOD,Prologue,TPOD,Prologue,,Lord,General,Alive ,,,,,
Indirian,,Aiel,Male,Average,,,Emerald,Gaunt,,TFOH,2,LOC,24,ACOS,18, ,,,Alive ,,Clan chief,,,
Ingtar Shinowa,,Shienaran,Male,Stocky,,Dark,Dark,,,,,TEOTW,46,TGH,46,The Light,Lord Ingtar of House Shinowa ,Lord,Dead,998 NE,,,,
Inlow,,Andoran,Male,,,,,,,TEOTW,33,,,,,,,,Alive ,,Innkeeper,,,
Ihvon,,Unknown nationality,Male,Tall,Slender,,,,,,,TGH,2,WH,23,,,,Presumed dead ,,Warder,,,
Ianor,,Shienaran,Male,,,Topknot,,,,,,TOM,23,TOM,23,Lan Mandragoran,,,Alive ,,Soldier,,,
Lunal Galgan,,Seanchan,Male,Tall,,White,Blue,,,,,KOD,Prologue,AMOL,37,,,Captain-General,Alive ,,,,,
Lurts,,Saldaea,Male,,,,,Muscular,,,,TGS,32,TGS,32,,,,Alive ,,Soldier,,,
Lussin,,Cairhienin,Male,,,,,,,,,TOM,19,TOM,19,Band of the Red Hand,,,Alive ,,,,,
Lucellin,,Unknown nationality,Male,,,,,,,TSR,1,,,,,Children of the Light,,,Alive ,,Soldier,,,
Luca (Aiel),,Aiel,Male,,,,,,,,,TSR,25,TSR,25,,,,Dead,,,,Da'shain Aiel,
Luan Norwelyn,,Andoran,Male,,,Graying,,,,TFOH,19,LOC,16,KOD,35,House Trakand,Lord,High Seat,Alive ,,,,,
Lorstrum Aesnan,,Cairhienin,Male,Tall,,,,"Thin, lanky",,,,TOM,50,TOM,52,Cairhien,Lord,,Alive ,,,,,
Lopin,,Tairen,Male,,,Balding,,Stout,,,,LOC,44,TOM,9,Band of the Red Hand,,,Dead,1000 NE,Servant,,,
Londraed,,Unknown nationality,Male,,,,,,,,,KOD,27,AMOL,Prologue,Band of the Red Hand,,,Alive ,,Soldier,,,
Lomas,,Kandori,Male,,,,,,,,,TPOD,Prologue,TPOD,Prologue,Kandor,,,Alive ,,,,,
Loial,908 NE,,Male,Tall,,"Black, shaggy",Pale,,Ogier,,,TEOTW,36,AMOL,Epilogue,,,,Alive ,,Treesinger,,,
Lothair Mantelar,,Unknown nationality,Male,,,,,,,TSR,17,,,,,Children of the Light,,,Dead,,,,,
Llyw,,Murandian,Male,Tall,,,,"Wide, Very large",,,,COT,30,KOD,23,White Tower,,,Alive ,,Warder,,,
Logain Ablar,971 NE,Ghealdanin,Male,Tall,,"Dark, curling, shoulder length",,,,TEOTW,3,TEOTW,39,AMOL,48,Dragon Reborn,Sealbreaker ,Asha'man,Alive ,,Asha'man,,,
Lir Baryn,,Andoran,Male,,,,,Slender,,,,TFOH,19,AMOL,2,House Trakand,Lord,High Seat,Alive ,,,,,
Lews Therin Telamon,,,Male,,,Brown and White,,,,,,TEOTW,Prologue,TEOTW,Prologue,,First Among Servants ,Aes Sedai (Age of Legends),Dead,,General,,,
Leuese Mulan,,Tairen,Male,,,,,,,TDR,48,,,,,,,,Alive ,,Merchant,,,
Lincoln Loud,925 NE,Malkieri,Male,,,White,,Stooped,,TEOTW,Ravens,ACOS,14,AMOL,45,Horn of Valere,,Hero of the Horn,Bound to the Wheel,1000 NE,,,,
Lerman,,Unknown nationality,Male,,,,,,,ACOS,Prologue,,,,,,,,Alive ,,Builder,,,
Leonin,,Arafellin,Male,,,"Black, braided with bells",,,,,,COT,Prologue,COT,Prologue,White Tower,,,Alive ,,Warder,,,
Lewin,,Aiel,Male,,,,,,,,,TSR,25,TSR,26,,,,Dead,,,,Da'shain Aiel,
Leof Torfinn,,Andoran,Male,,,,Deep-set,,,,,TSR,44,KOD,26,Two Rivers,,,Alive ,,,,,
Lem Thane,,Andoran,Male,,,,,,,,,TEOTW,Ravens,TEOTW,Ravens,Two Rivers,,,Alive ,,,,,
Lenn,,,Male,,,,,,,TEOTW,4,,,,,,,,Fictional character,,,,,
Lem al'Dai,,Andoran,Male,,,,,,,,,WH,6,WH,6,Two Rivers,,,Alive ,,,,,
Leiran,,Aiel,Male,,,,,,,,,LOC,4,LOC,4, ,,,Alive ,,,,Chareen,Cosaida
Ledron,,Murandian,Male,,,,,,,,,TGS,28,TGS,28,,,,Dead,,Unknown occupation,,,
Lehynen,,Domani,Male,,,,,,,,,TOM,21,TOM,21,Dragon Reborn,,,Dead,1000 NE,Soldier,,,
Ledar,,,Male,,,,,,Ogier,LOC,54,,,,,,,,Dead,,Author,,,
Leems,,Unknown nationality,Male,,,,,,,,,AMOL,3,AMOL,4,The Shadow,,Asha'man,Alive ,,Dreadlord,,,
Laud,,,Male,,,,,,Ogier,TGH,35,,,,,,,,Alive ,,,,,
Lawdrin Mendair,,Unknown nationality,Male,,,,,,,LOC,47,ACOS,37,ACOS,38,Band of the Red Hand,,Redarm,Dead,1000 NE,Soldier,,,
Lathin,,Unknown nationality,Male,,,,,,,,,TEOTW,30,,,Children of the Light,,,Dead,998 NE,Soldier,,,
Latian Basar,,Cairhienin,Male,,,,,,,,,COT,25,COT,26,Cha Faile,,,Alive ,,,,,
Lawtin,,Unknown nationality,Male,,,,,,,ACOS,37,,,,,Band of the Red Hand,,Redarm,Dead,1000 NE,Soldier,,,
Lamgwin Dorn,,Andoran,Male,,,,,Hulking,,,,TEOTW,39,TOM,44,Morgase Trakand,,,Alive ,,,,,
Landalin,,Kandori,Male,,,,,,,,,TOM,Prologue,TOM,Prologue,Kandor,,Lieutenant,Dead,1000 NE,Soldier,,,
Laman Damodred,,Cairhienin,Male,,,,,,,NS,2,,,,,,King of Cairhien ,King,Dead,978 NE,,,,
Laerid Traehand,,Andoran,Male,,,,,Stocky,,,,KOD,17,KOD,32,House Trakand,Lord,,Alive ,,,,,
Lain Mandragoran,,Malkier,Male,,,,,,,TEOTW,47,,,,,,Lord,,Dead,,,,,
Ladwin,,Unknown nationality,Male,Short,,,,Stocky,,LOC,38,LOC,40,AMOL,Prologue,Band of the Red Hand,,Scout,Alive ,,Soldier,,,
Laerad,,Aiel,Male,,,,,Grizzled,,,,ACOS,40,ACOS,40,Sevanna,,,Dead,1000 NE,,,Shaido,Moshaine
Laefar,,,Male,,,,,,Ogier,,,TSR,16,TSR,16,,,,Alive ,,,,,
Corlan Dashiva,,Black Hills,Male,,,"Lank, untrimmed",,,,,,LOC,Prologue,WH,35,,,Chosen,Dead,1000 NE,Asha'man,,,
Ortis,,Mayener,Male,,,,,,,,,TPOD,10,TPOD,10,Mayene,,Squadman,Alive ,,Soldier,,,
Owein,,Unknown nationality,Male,,,,,,,TSR,31,,,,,,,,Dead,999 NE,Warder,,,
Otarin,,Unknown nationality,Male,,,,,,,,,TGH,47,,,Horn of Valere,,Hero of the Horn,Bound to the Wheel,,,,,
Orban,,Unknown nationality,Male,,,Dark,,,,,,TDR,33,TDR,35,,Lord,,Alive ,,Hunter of the Horn,,,
Oren Dautry,,Andoran,Male,Tall,,,,Lean,,TEOTW,5,KOD,29,KOD,29,Two Rivers,,,Alive ,,,,,
Olver,,Cairhienin,Male,,,,,Gaunt,,,,LOC,5,AMOL,45,Band of the Red Hand,Hornsounder ,,Alive ,,,,,
Oratar,,Unknown nationality,Male,,,Bald,,,,TOM,7,TOM,34,TOM,34,Children of the Light,,,Alive ,,Soldier,,,
Qi,,Shienaran,Male,,,,,,,,,TOM,23,TOM,23,Lan Mandragoran,,,Alive ,,Soldier,,,
Powl,,Unknown nationality,Male,,,,,,,WH,10,KOD,32,KOD,32,Darkfriend,,,Alive ,,Warder,,,
Piqor Ramshalan,,Domani,Male,,,Black,,Lanky,,,,TGS,31,TOM,Prologue,,Lord,,Alive ,,,,,
Posavina,,Kandori,Male,,,,,,,,,WH,32,WH,32,,,,Alive ,,Merchant,,,
Perwyn Belman,,Andoran,Male,,,,,,,,,LOC,28,LOC,28,Darkfriend,,,Alive ,,,,,
Pevin,,Cairhienin,Male,,Thin,Gray,,,,,,TFOH,46,TFOH,55,Rand al'Thor,,Bannerman,Dead,999 NE,,,,
Perival Mantear,988 NE,Andoran,Male,,,Golden,,,,,,COT,13,AMOL,2,House Trakand,Lord,High Seat,Alive ,,,,,
Petra Anhill,,Unknown nationality,Male,"Shorter than Mat, but twice as wide",,,,Huge,,,,TFOH,17,AMOL,11,Valan Luca,,,Alive ,,Entertainer,,,
Peral Torval,,Taraboner,Male,,,,,,,,,LOC,42,,,Darkfriend,,Asha'man,Dead,1000 NE,Asha'man,,,
Pelateos,,Unknown nationality,Male,,,,,,,TGS,15,,,,,,,,Dead,,Author,,,
Pelivar Coelan,,Andoran,Male,,,"Dark, thinning",,Lean,,TFOH,19,TPOD,17,KOD,35,House Trakand,Lord,High Seat,Alive ,,,,,
Perrin Aybara,978 NE,Andoran,Male,"1 span, 1 foot, 3 inches",24 stone,Brown,"Yellow / Gold, previously Dark Brown",,,,,TEOTW,Ravens,AMOL,Epilogue,Wolfbrother,Wolf King ,Lord of the Two Rivers,Alive ,,Blacksmith,,,
Pel Aydaer,,Andoran,Male,,,Bald,,,,TEOTW,30,TSR,42,LOC,Prologue,Perrin Aybara,,,Alive ,,Furniture maker,,,
Pedron Niall,,Murandian,Male,,,White,,Lean,,NS,12,TDR,Prologue,ACOS,Prologue,Children of the Light,,Lord Captain Commander,Dead,1000 NE,Soldier,,,
Pel,,Unknown nationality,Male,,,,,,,,,TFOH,11,TFOH,11,,,,Alive ,,Wagon Driver,,,
Patrim,,Ghealdanin,Male,,,,,,,,,TDR,8,TDR,8,,,,Alive ,,Stableman,,,
Pappil,,Andoran,Male,,,,,,,,,,,,,,,,Dead,,Unknown occupation,,,
Paitr do Fearna a'Conn,,Murandian,Male,,,,,,,,,TPOD,17,TPOD,17,,Lord,,Alive ,,,,,
Parelean,,Tairen,Male,,,,,,,,,TPOD,8,,,Cha Faile,,,Dead,1000 NE,,,,
Pavil Geraneos,,Illianer,Male,,,,Dark,,,,,KOD,20,KOD,20,,,,Alive ,,Merchant,,,
Paitr Conel,,Andoran,Male,,,"Long, curly, dark",,,,,,TEOTW,33,LOC,31,Darkfriend,,,Dead,999 NE,,,,
Paetram Aybara,990 NE,Andoran,Male,,,,,,,,,TEOTW,Ravens,TEOTW,Ravens,Two Rivers,,,Dead,999 NE,,,,
Paitar Nachiman,,Arafellin,Male,Tall,,Graying,,,,ACOS,2,TPOD,Prologue,AMOL,6,Arafel,King of Arafel ,King,Alive ,,,,,
Paetram (Tear),,Kandori,Male,,,Yellow,,Wide,,,,TSR,13,TSR,13,,,,alive ,,Merchant,,,
Paet al'Caar,,Andoran,Male,,,,,,,,,TEOTW,Ravens,TSR,56,Two Rivers,,,Alive ,,,,,
Paedrig,,Unknown nationality,Male,,,,,,,,,TGH,47,TGH,47,Horn of Valere,,Hero of the Horn,Bound to the Wheel,,,,,
Ruthan,,Saldaean,Male,,,,Hard,,,,,KOD,20,KOD,20,Weilin Aldragoran,,,Alive ,,Clerk,,,
Paers,,Murandian,Male,,,,,,,,,LOC,5,LOC,5,Hunter of the Horn,Lord,,Alive ,,Hunter of the Horn,,,
Rulan Allwine,,Andoran,Male,,,,,Stout,,,,TEOTW,33,TEOTW,33,,,,Alive ,,Innkeeper,,,
Padry,,Murandian,Male,,,,,Skinny,,,,LOC,5,LOC,5,Hunter of the Horn,,Hunter of the Horn,Alive ,,Footman,,,
Rumann,,Unknown nationality,Male,,,,,,,,,COT,2,COT,2,Valan Luca,,,Alive ,,Entertainer,,,
Ryden,,Borderlander,Male,,,,,,,,,AMOL,Prologue,AMOL,Prologue,Band of the Red Hand,,,Alive ,,Soldier,,,
Rowan Hurn,,Andoran,Male,,,,,,,,,TEOTW,2,TOM,34,Perrin Aybara,Village Councilor,,Alive ,,,,,
Padan Fain,,Murandy,Male,,Gaunt,,Dark,,,TEOTW,1,TEOTW,2,AMOL,47,Darkfriend,,,Dead,,,,,
Rylen t'Boriden Rashad,,Saldaea,Male,,,,,,,RPG,,,,,,,King of Saldaea ,King,Dead,,,,,
Rowahn,,Aiel,Male,Tall,,,,,,TOM,48,,,,,,,,Unknown,,Unknown occupation,,Unknown clan,Unknown sept
Rovair Kirklin,,Unknown nationality,Male,,,Dark,,Compact,,,,TPOD,10,KOD,30,The Dragon Reborn,,,Alive ,,Warder,,,
Rovair,,Tairen,Male,,,,,Stout,,,,ACOS,35,ACOS,35,Darlin Sisnera,Lord,,Alive ,,,,,
Rossin,,Domani,Male,,,,,,,TOM,32,,,,,Dragon Reborn,,,Dead,1000 NE,,,,
Ross Anan,,Altaran,Male,,,,,,,,,WH,19,WH,29,,,,Alive ,,Sailor,,,
Rosse,,Andoran,Male,,,,,,,,,AMOL,Prologue,AMOL,Prologue,,,,,,Soldier,,,
Rorik,,Unknown nationality,Male,,,,,,,,,TGS,26,TGS,26,White Tower,,,Alive ,,Warder,,,
Rolan,,Aiel,Male,Tall,,,Blue,,,,,TPOD,30,KOD,30,Sevanna,,,Dead,1000 NE,,,Unknown clan,Unknown sept
Ronam,,Aiel,Male,Tall,,,,,,TOM,49,,,,,,,,Unknown,,Clan chief,,Taardad,Unknown sept
Roshan,,Unknown nationality,Male,,,,,,,ACOS,36,,,,,White Tower,,,Alive ,,Warder,,,
Roidan,,Aiel,Male,,,Gray,Icy blue,,,,,TFOH,41,LOC,4, ,,,Alive ,,,,Nakai,Salt Flat
Ronja,,Aiel,Male,,,,,,,,,AMOL 37,,AMOL 37,,,,,Alive ,,,,,
Rogosh,,Talmouri,Male,,,White,Sharp,,,,,TGH,47,TGH,47,Horn of Valere,,Hero of the Horn,Bound to the Wheel,,,,,
Roedran Almaric do Arreloa a'Naloy,,Murandian,Male,,,"White, thinning",,Corpulent,,TFOH,11,AMOL,5,AMOL,6,Murandy,King of Murandy ,King,Alive ,,,,,
Rodel Ituralde,,Domani,Male,Short,,,,,,TFOH,27,COT,Prologue,AMOL,Epilogue,Arad Doman,Five Great Captains,King,Alive ,,,,,
Rodic,,,Male,,,,,,,,,TGS,4,TGS,4,Younglings,,,Alive ,,,,,
Rodrivar Tihera,,Tairen,Male,,,"Graying, curly",Black,Lean,,,,TPOD,21,AMOL,20,The Dragon Reborn,,Captain,Alive ,,,,,
Rinnin,,Shienaran,Male,,,,,,,,,TGS,Prologue,TGS,Prologue,,,,Alive ,,Farmer,,,
Ronan,,Shienaran,Male,,,White,,,,,,TGH,2,TGH,2,Agelmar Jagad,,,Dead,TGHÂ 6,,,,
Roidelle,,Unknown nationality,Male,,,Graying,,Bulky,,,,KOD,26,TGS,27,Band of the Red Hand,,,Alive ,,Mapmaker,,,
Ries Gorthanes,,Cairhienin,Male,Taller then most Cairhienin,,,,Broad Shoulders,,NS,13,NS,14,NS,14,,,,Alive ,,,,,
Riddem,,Unknown nationality,Male,,,,,,,,,TOM,9,TOM,9,Band of the Red Hand,,,Dead,1000 NE,Soldier,,,
Robb Solter,,Andoran,Male,,,,,,,,,TOM,26,TOM,26,Perrin Aybara,,,Alive ,,,,,
Rhys a'Balaman,,Murandian,Male,,,,Stones,,,,,KOD,13,KOD,13,House Marne,,,Dead,1000 NE,Mercenary,,,
Rhuarc,,Aiel,Male,Tall,,"Dark red, graying",,Muscular,,,,TDR,39,AMOL,42, ,,,Deceased ,,Clan chief,,Taardad,
Rett,,Domani,Male,,,,,,,TOM,21,,,,,Dragon Reborn,,,Dead,1000 NE,Soldier,,,
Rhodric,,Aiel,Male,,,,,,,,,TSR,25,,,,,,Dead,,,,Aiel,
Rhadam Asunawa,,Unknown nationality,Male,,,Gray,"Deep-set, Dark",Gaunt,,LOC,9,LOC,31,TOM,2,Hand of the Light,,High Inquisitor,Dead,1000 NE,Inquisitor,,,
Reo Myershi,,Unknown nationality,Male,,,,,,,TOM,51,,,,,,,,Dead,,,,,
Renald Fanwar,,Borderlander,Male,,,,,,,,,TGS,Prologue,TGS,Prologue,Dragonsworn,,,Alive ,,Farmer,,,
Renald Macer,,,Male,,,Bald,,Stout,,,,TOM,22,TOM,22,Queen's Guard,,Sergeant,Alive ,,Soldier,,,
Ren Chandin,,Andoran,Male,,,,,,,TSR,40,,,,,Two Rivers,,,Dead,999 NE,,,,
Reimon,,Tairen,Male,,,Dark,,Broad,,,,TSR,2,KOD,26,Band of the Red Hand,Lord,Banner-General,Alive ,,Soldier,,,
Reed Soalen,,Andoran,Male,,,,,,,,,TOM,2,AMOL,1,Perrin Aybara,,,Alive ,,Soldier,,,
Rashan,,Unknown nationality,Male,,,,,,,LOC,52,,,,,Elaida a'Roihan's White Tower,,,Alive ,,Warder,,,
Redbord,,Domani,Male,,,,,,,,,TOM,25,TOM,25,Rand al'Thor,,lieutenant,Alive ,,Soldier,,,
Ranun Sinah,,Unknown nationality,Male,,,,,,,,,TOM,43,TOM,43,Children of the Light,,,Dead,1000 NE,Soldier,,,
Ramsin Almadar,,Domani,Male,,,,,,,LOC,6,LOC,6,LOC,6,,Lord,Prince,Dead,1000 NE,,,,
Rand al'Thor,978 NE,Andoran,Male,"1 span, 1 foot, 7 inches",23 1/2 stone,Dark red,Gray-blue,Muscular,,NS,2,TEOTW,Ravens,AMOL,Epilogue,,"Dragon Reborn, ",King,Alive ,,,,,
Raolin Darksbane,,Essenian,Male,,,,,,,TEOTW,14,,,,,,False Dragon,,Dead,335 AB,,,,
Ramey,,Andoran,Male,,,,,,,,,TEOTW,44,TDR,45,,,,Alive ,,Stableman,,,
Rajar,,Domani,Male,Short,,,,Slight,,LOC,55,COT,Prologue,TGS,13,Younglings,,First-Lieutenant,Alive ,,Soldier,,,
Raimun Holdwin,,Andoran,Male,,,,,,,,,TEOTW,34,TEOTW,34,Darkfriend,,,Alive ,,Innkeeper,,,
Rajabi,,Domani,Male,,,Bald,Brown,Boulder-like,,,,COT,Prologue,TOM,18,Dragon Reborn,,,Dead,1000 NE,,,,
Rakim,,Saldaean,Male,,,,,Grizzled,,,,NS,1,TOM,7,Lan Mandragoran,,,Alive ,,Soldier,,,
Rahman,,Domani,Male,,,,,,,COT,Prologue,,,,,Arad Doman,Lord,,Alive ,,,,,
Rahvin,Age of Legends,,Male,Taller than Rand,,"Black, with white at the temples",Black,"Bulky, muscular",,,,TDR,4,TFOH,55,,,Chosen,Dead,999 NE,,,,
Rahien Demain,979 NE,Kandori,Male,,,,,,,NS,23,,,,,,,Lord,Alive ,,,,,
Ragon,,Unknown nationality,Male,,,,,,,AMOL,9,,,,,,,,Dead,1000 NE,,,,
Ragan,,Shienaran,Male,,,,,,,,,TEOTW,46,COT,30,,,,Alive ,,,,,
Raen,,,Male,,,Gray,Dark,Wiry,,,,TEOTW,25,AMOL,37,,,,Alive ,,Seeker,,,
Radlin,,,Male,,,,,,Ogier,LOC,49,,,,,,,,Dead,,,,,
Raefar Kisman,,Tairen,Male,Average,,,,,,,,LOC,42,WH,22,Darkfriend,,Asha'man,Dead,1000 NE,Asha'man,,,
Rad al'Dai,,Andoran,Male,,,,,,,,,ACOS,3,WH,6,Two Rivers,,,Alive ,,Soldier,,,
Surlivan Sarat,,Altaran,Male,,,,,Stocky,,,,WH,17,WH,17,,,,Alive ,,Guard,,,
Raab,,,Male,,,,,,,,,TDR,30,TDR,30,,,,Alive ,,Sailor,,,
Sunamon Haellin,,Tairen,Male,,,,,Plump,,,,TSR,8,TPOD,24,,High Lord of Tear,,Alive ,,,,,
Sulwin,,Aiel,Male,Tall,,Long,Deep-set,,,,,TSR,26,TSR,26,,,,Dead,,,,Da'shain Aiel,
Suladric,,Aiel,Male,,,,,,,TSR,23,,,,,,,,Dead,999 NE,Clan chief,,Shaido,
Staven,,Domani,Male,,,,,,,TOM,21,,,,,Dragon Reborn,,,Dead,1000 NE,Soldier,,,
Stepin,,Unknown nationality,Male,,,,"Sad, Brown",Narrow-shouldered,,,,NS,7,,,,,,Dead,979 NE,Warder,,,
Steler,,Unknown nationality,Male,Tall,,,,,,,,NS,4,NS,5,White Tower,,Bannerman,Alive ,,Soldier,,,
Strom,,Andoran,Male,,,,,"Bulky, Large",,,,TEOTW,32,TEOTW,32,,,,Alive ,,Bouncer,,,
Spiron Narettin,,Illianer,Male,,,,,,,,,TPOD,21,TPOD,21,Council of Nine,,,Alive ,,,,,
Stevan,,Cairhienin,Male,,,Gray,,,,,,LOC,46,LOC,46,,,,Alive ,,Warder,,,
Spar,,Unknown nationality,Male,,,,,,,,,ACOS,29,ACOS,29,Darkfriend,,,Dead,1000 NE,,,,
Sorelana Alsahhan,,Unknown nationality,Male,,,,,,,COT,7,,,,,,,,Dead,,Author,,,
Speral,,Altaran,Male,,,,,,,,,COT,26,COT,26,,,,Alive ,,Assistant,,,
Souran Maravaile,,Unknown nationality,Male,,,,,,,LOC,1,,,,,,,General,Dead,FY 1017,Soldier,,,
Sorrentin,,Domani,Male,,,,,,,,,TOM,21,TOM,21,Dragon Reborn,,,Alive ,,Soldier,,,
Soran Milo,,Unknown nationality,Male,,,,,,,TSR,22,,,,,,,,Dead,,Author,,,
Snert,,Andoran,Male,,,,,,,,,TOM,22,TOM,22,,,,Alive ,,Innkeeper,,,
Sleete,,Unknown nationality,Male,,,"Long, black",,Lanky,,,,TGS,13,AMOL,18,White Tower,,,Alive ,,Warder,,,
Slone Maddow,,Unknown nationality,Male,,,,,,,,,TOM,9,TOM,9,Band of the Red Hand,,,Alive ,,Soldier,,,
Simaan,,Tairen,Male,,,,Sharp,,,TSR,21,TFOH,46,TGS,42,The Dragon Reborn,Lord,High Lord,Alive ,,,,,
Simion,,Ghealdanin,Male,,,,,,,,,TDR,8,TDR,9,,,,Alive ,,Attendant,,,
Isam Mandragoran,,Malkieri,Male,Tall,,Dark,Blue,Muscular,,TEOTW,47,TSR,28,AMOL,46,The Shadow,,,Dead,,,,,
Sim,,Amadician,Male,,,,,,,TFOH,13,,,,,,,,Alive ,,Innkeeper,,,
Shivan,,Unknown nationality,Male,,,,,,,,,TGH,47,,,Horn of Valere,,Hero of the Horn,Bound to the Wheel,,,,,
Shiv,,Andoran,Male,,,,,,,,,AMOL,Prologue,AMOL,Prologue,,,,,,Soldier,,,
Shedren,,Aiel,Male,Tall,,,,,,TOM,49,,,,,,,,Unknown,,Clan chief,,Daryne,Unknown sept
Shimron,,Domani,Male,,,White,,Gaunt,,,,COT,Prologue,,,Dragonsworn,Lord,,Dead,1000 NE,,,,
Shaofan,,Sharan,Male,,,,,,,,,LOC,6,LOC,6,Graendal,Sh'botay ,,Unknown,,,,,
Sharbon,,Amadician,Male,,,,,Plump,,,,TDR,Prologue,TDR,Prologue,Jaichim Carridin,,,Alive ,,Servant,,,
Shaidar Haran,,,Male,Tall,,,,,,,,TEOTW,17,AMOL,25,The Shadow,,,Dead,,,,,
Shevar Jamelle,,Malkieri,Male,,,,,,,TWORJTWOT,,,,,,,King of Malkier ,King,Dead,,,,,
Seve,,Amadician,Male,,,,,,,,,TFOH,49,LOC,12,,,,Alive ,,,,,
Shaen,,Aiel,Male,,,,,,,,,AMOL,20,AMOL,20, ,,,Alive ,,,,,
Setagana,,Unknown nationality,Male,,,Dark,,Lean,,,,COT,16,COT,16,Rebel Aes Sedai,,,Dead,1000 NE,Warder,,,
Serden,,,Male,,,,,,Ogier,LOC,49,,,LOC,49,,,,Dead,,Author,,,
Shandin,,,Male,,,,,,Ogier,LOC,54,,,,,,,,Dead,,,,,
Semaradrid Maravin,,Cairhienin,Male,,,Gray at temples,Dark,,,,,LOC,4,TPOD,24,Dragon Reborn,Lord,,Alive ,,,,,
Seirin,,Aiel,Male,,,,,,,,,TFOH,44,TFOH,44, ,,,Alive ,,,,Tomanelle,Shorara
Sedrin a'Conlin,978 NE,Murandian,Male,,,,,,,,,NS,5,NS,5,,,,Alive ,,,,,
Sedrin,,Unknown nationality,Male,,,,,,,TFOH,17,,,,,Valan Luca,,,Dead,999 NE,Entertainer,,,
Sebban Balwer,,Amadician,Male,Small,,,,Small,,,,LOC,Prologue,AMOL,1,Perrin Aybara,,,Alive ,,Secretary,,,
Sanor,,Tairen,Male,,,,,Large,,,,TDR,32,TDR,40,Huan Mallia,,,Alive ,,Sailor,,,
Sarin Hoigan,,Unknown nationality,Male,Average,,Bald,,Very Wide,,,,TFOH,50,KOD,23,White Tower,,,Alive ,,Warder,,,
Samwil Hark,,Andoran,Male,Average,Average,Brown,Brown,,,,,KOD,16,KOD,32,House Trakand,,,Alive ,,Cutpurse,,,
Santes,,Mayener,Male,,,,,,,,,WH,5,WH,5,Perrin Aybara,,,Dead,1000 NE,Thief-catcher,,,
Sandip,,Unknown nationality,Male,,,Dark,,,,,,{,,,,Band of the Red Hand,,Lieutenant,Alive ,,Soldier,,,
Sanduin,,Aiel,Male,,,,,,,LOC,18,,,,, ,,,Alive ,,,,Unknown clan,Unknown sept
Sammrie,,Murandy,Male,,,,,,,TGS,28,,,,,,,,Alive ,,Cooper,,,
Sammael,Age of Legends,,Male,Slightly above average,,"Golden, Blond",Blue,"Compact, Solid",,TDR,6,TFOH,Prologue,ACOS,41,,,Chosen,Dead,1000 NE,,,,
Sarien,,Aiel,Male,,,,,,,TDR,34,,,,,,,,Dead,999 NE,,,Unknown clan,Unknown sept
Saml Hake,,Andoran,Male,,,"Long, Stringy",Dark,Bony,,,,TEOTW,32,TEOTW,32,,,,Alive ,,Innkeeper,,,
Saml al'Seen,,Andoran,Male,,,Dark,,,,,,KOD,Epilogue,KOD,Epilogue,Black Tower,,Soldier (Asha'man),Alive ,,Asha'man,,,
Sajius,,Unknown nationality,Male,,,,,,,TGS,48,,,,,,,,Dead,,Author,,,
Samel Crawe,,Andoran,Male,,,,,,,,,TEOTW,2,TSR,56,Two Rivers,Village Councilor,,Alive ,,,,,
Saeric,,Aiel,Male,,,Gray,,,,,,LOC,42,LOC,42, ,,,Alive ,,,,Goshien,Red Water
Tymoth,,Unknown nationality,Male,,,Red,,,,TOM,21,TOM,28,TOM,28,Rand al'Thor,,Asha'man,Alive ,,Asha'man,,,
Tyrn sur Paendrag Mashera,,Mayener,Male,,,,,,,RPG,,,,,,,First of Mayene,First Lord,Dead,FY 1054,,,,
Turne,,Ghealdanin,Male,,,"Red, Currly",,Lanky,,,,TOM,2,TOM,2,Perrin Aybara,,,Alive ,,Mercenary,,,
Turol,,Aiel,Male,,,,,,,TFOH,53,,,,, ,,,Alive ,,,,Unknown clan,Unknown sept
Uren din Jubai Soaring Gull,,Sea Folk,Male,,,,,,,LOC,Glossary,,,,,,,,Dead,,Scholar,,,
Uno Nomesta,,Shienaran,Male,Slightly above average,,Long black topknot,Single dark eye,Average,,TGH,3,TGH,9,AMOL,37,The Dragon Reborn,,Captain,Alive ,,soldier,,,
Turak Aladon,,Seanchan,Male,Tall,,Shaved,Dark,,,,,TGH,29,TGH,45,,,High Lord,Dead,998 NE,,,,
Turan,,Seanchan,Male,Short,,"Close-cropped, black",,Stout,,KOD,Prologue,TGS,6,,,,,Lieutenant-General,Dead,1000 NE,,,,
Trost,,Andoran,Male,,,,,,,,,TOM,46,TOM,46,Logain Ablar,,Soldier (Asha'man),Alive ,,Asha'man,,,
Tumad Ahzkan,,Saldaean,Male,,,,,,,,,LOC,1,COT,Prologue,,,,Dead,1000 NE,Soldier,,,
Tuck Padwhin,,Andoran,Male,,,,,,,TGH,12,TSR,56,TSR,56,Two Rivers,,,Alive ,,Carpenter,,,
Trom,,Unknown nationality,Male,,,Black,,Stocky,,,,TFOH,16,AMOL,32,Children of the Light,,Lord Captain,Dead,,Soldier,,,
Triben,,Saldaea,Male,,,,,,,,,TGS,32,TGS,32,,,,Alive ,,Soldier,,,
Trayal,,,Male,,,Dark,,,Ogier,,,TGH,36,TGH,36,,,,Alive ,,Treesinger,,,
Torwyn Barshaw,,Andoran,Male,,,,,Squat,,LOC,Prologue,LOC,31,LOC,31,Darkfriend,,,Dead,999 NE,Merchant,,,
Tornay Lanasiet,,Taraboner,Male,,Stocky,,,,,,,KOD,Prologue,KOD,Prologue,Rodel Ituralde,,,Dead,1000 NE,,,,
Torhs Margin,,Unknown nationality,Male,,,,,,,TGS,37,,,,,,Torhs the Broken ,,Dead,,,,,
Tormon,,Illianer,Male,,,,,,,WH,9,,,,,,,,Alive ,,Merchant,,,
Torean Andiama,,Tairen,Male,,,,,,,,,TSR,3,TGS,42,The Dragon Reborn,Lord,High Lord of Tear,Alive ,,,,,
Toram Riatin,,Cairhienin,Male,1 span,24 stone,Dark,,,,LOC,17,ACOS,35,,,,Lord,High Seat,Dead,"Saban 21, 1000 NE",,,,
Torven Rikshan,,Cairhienin,Male,,,,,,,TOM,16,,,,,Perrin Aybara,,Lord,Alive ,,,,,
Tomas,,Unknown nationality,Male,Short,,Graying,,Stocky,,TGH,8,TSR,30,,,Darkfriend,,,Dead,,Warder,,,
Tomil,,Unknown nationality,Male,,,,,,,,,COT,Prologue,COT,Prologue,Younglings,,,Alive ,,Soldier,,,
Toram,,,Male,,,Gray,,,,,,TSR,19,,,,,Cargomaster,Alive ,,,,,
Tomada,,,Male,,,,,,Ogier,TSR,26,,,,,,,,Dead,,Seed Singer,,,
Toma dur Ahmid,,Unknown nationality,Male,,,,,,,TEOTW,Glossary,,,,,,,,Dead,,,,,
Tolmeran,,Tairen,Male,,,,,Lean,,,,LOC,4,KOD,21,,High Lord of Tear,,Alive ,,,,,
Toma,,Unknown nationality,Male,,,,,,,,,TSR,26,TSR,26,,,,Dead,,,,,
Toke Fearnim,,Altaran,Male,,,Gray,,Wiry,,,,KOD,6,KOD,6,,,,Alive ,,Stableman,,,
Tod al'Caar,,Andoran,Male,,,,,Lanky,,,,ACOS,1,TGS,17,Perrin Aybara,,,Alive ,,Soldier,,,
Tiras,,Seanchan,Male,,,,,Bony,,,,TPOD,22,TPOD,22,Ever Victorious Army,,First Lieutenant,Unknown,,Soldier,,,
Tobrad,,Murandian,Male,,,,,,,,,TGS,28,TGS,28,,,,Dead,,Innkeeper,,,
Timolan,,Aiel,Male,Tall,,Graying,,Massive,,TFOH,2,LOC,24,TGS,11, ,,,Alive ,,Clan chief,,Miagoma,
Tian,,Kandori,Male,,,,,,,,,TOM,Prologue,TOM,Prologue,Kandor,,,Alive ,,Soldier,,,
Tijds,,Unknown nationality,Male,,,Black,,,,,,TGS,40,TGS,40,White Tower,,,Alive ,,Soldier,,,
Thorin al Toren al Ban,,Manetherenite,Male,,,,,,,TEOTW,19,,,,,,King of Manetheren ,King,Dead,,,,,
Thomdril Merrilin,,Andoran,Male,,,White,Blue,,,TEOTW,1,TEOTW,4,AMOL,Epilogue,,,,Alive ,,Warder,,,
Thad Torfinn,,Andoran,Male,,,,,Skinny,,,,LOC,Prologue,KOD,29,Two Rivers,,,Alive ,,Farmer,,,
Therin Lugay,,Amadician,Male,,,,,,,,,TFOH,10,TFOH,10,,,,Alive ,,Unknown occupation,,,
Tham Felmley,,Andoran,Male,,,,,,,TOM,29,,,,,,,,Dead,,Brickmason,,,
Thulin,,Shienaran,Male,,,Dark gray,Brown,"Lean, but muscular",,,,TGS,Prologue,TGS,Prologue,,,,Alive ,,Blacksmith,,,
Teven Marwin,,Andoran,Male,,,,,,,TSR,40,,,,,Two Rivers,,,Dead,999 NE,,,,
Teven Aerwin,,Unknown nationality,Male,,,,,,,TGH,5,,,,,,,,Dead,,Author,,,
Teryl Wynter,,Murandian,Male,Tall,,Dark red,Blue,Lean,,LOC,43,TPOD,7,KOD,30,The Dragon Reborn,,,Alive ,,Warder,,,
Termendal,,Shiotan,Male,,,White,Blue,,,ACOS,Prologue,,,,,,,,Dead,,Poet,,,
Thad Haren,,Andoran,Male,,,,,,,TFOH,1,TFOH,12,TFOH,28,Gareth Bryne,,,Alive ,,,,,
Teva,,Shienaran,Male,,,,,,,TGH,26,,,,,,,,Dead,,,,,
Tema,,Shienaran,Male,Average,,Round gray bowl,,,,,,TGH,2,TGH,6,,,,Alive ,,Stableman,,,
Tellaen,,Domani,Male,,,,,portly,,,,TGS,1,TGS,11,,Lord,,Alive ,,,,,
Tervail Dura,,Tarabon,Male,,,Dark,,Lean,,,,LOC,30,KOD,24,White Tower,,,Alive ,,Warder,,,
Tell Lewin,,Andoran,Male,,,,,Lanky,,,,TSR,33,KOD,4,Two Rivers,,,Alive ,,Soldier,,,
Telabin,,Ghealdanin,Male,,,,,,,TPOD,8,,,,,Ghealdan,,,Alive ,,,,,
Tavan,,Cairhienin,Male,,,,,,,,,KOD,32,,,Rebel Aes Sedai,,,Dead,1000 NE,Warder,,,
Tavalad,,Aiel,Male,Tall,,,,,,TOM,49,,,,,,,,Unknown,,Clan chief,,Goshien,Unknown sept
Teacal,,Domani,Male,,,,,,,COT,Prologue,,,COT,Prologue,Arad Doman,Lord,,Alive ,,,,,
Tedosian,,Tairen,Male,,,,,Thick,,TSR,4,TSR,8,TGS,42,,Lord,High Lord,Alive ,,,,,
Taringail Damodred,,Cairhienin,Male,,,,,,,NS,6,,,,,,Lord,,Dead,984 NE,,,,
Tarran,,Saldaean,Male,,,,,,,,,TOM,24,TOM,24,Saldaea,,,Alive ,,Soldier,,,
Tarra,,Aiel,Male,Tall,,,,,,TOM,49,,,,,,,,Unknown,,Soldier,,Taardad,Unknown sept
Taric,,Aiel,Male,,,,,,,LOC,33,,,,,,,,Alive ,,,,Unknown clan,Unknown sept
Tando,,Andoran,Male,,,,,,,,,TGS,13,TGS,13,Younglings,,,Alive ,,Soldier,,,
Taril Canler,,Andoran,Male,"5'10""",,Graying,,Sturdy,,ACOS,27,WH,Prologue,AMOL,21,Logain Ablar,,Asha'man,Alive ,,Asha'man,,,
Tamlin al'Thor,,Andoran,Male,,,Gray,,,,,,TEOTW,Ravens,AMOL,Epilogue,Perrin Aybara,Village Councilor,First Captain,Alive ,,Soldier,,,
Tamrin,,Taraboner,Male,,,,,,,TSR,38,,,,,Tarabon,,,Alive ,,Soldier,,,
Tammuz,,Taraboner,Male,,,,,Big,,,,TGH,27,TDR,40,,,,,,Illuminator,,,
Tamaav,,Aiel,Male,Tall,,,,,,TOM,49,,,,,,,,Unknown,,Clan chief,,Unknown clan,Unknown sept
Talric,,Unknown nationality,Male,,,,,,,TGS,40,,,,,White Tower,,,Alive ,,Warder,,,
Talmanes Delovinde,,Cairhienin,Male,Short,,"Shaved, powdered at front",,Wiry,,,,TFOH,43,AMOL,43,Band of the Red Hand,,Lieutenant-General,Alive ,,Soldier,,,
Taeric Chavana,,Saldaean,Male,Short,,,Green,Compact,,,,TFOH,17,COT,29,Valan Luca,,,Alive ,,Entertainer,,,
Tad Kandel,,Andoran,Male,,,,,,,LOC,47,ACOS,38,ACOS,38,Band of the Red Hand,,Redarm,Dead,1000 NE,Soldier,,,
Tal Nethin,,Cairhienin,Male,,,,,,,,,TFOH,20,TFOH,30,,,,Dead,,Saddlemaker,,,
Takai,,Aiel,Male,Tall,,,,,,TOM,49,,,,,,,,Unknown,,Clan chief,,Miagoma,Unknown sept
Vivian,,Domani,Male,,,,,,,TGS,31,,,,,,Lord,,Alive ,,,,,
Tadvishm,,Aiel,Male,Tall,,,,,,TOM,48,,,,,,,,Dead,,Unknown occupation,,Unknown clan,Unknown sept
Vitalien,,Unknown nationality,Male,,,,,,,LOC,25,TGS,17,AMOL,23,The Dragon Reborn,,,Dead,,Warder,,,
Tad Barran,,Andoran,Male,,,,,Lanky,,TEOTW,2,TEOTW,4,KOD,29,Two Rivers,,,Alive ,,Stableman,,,
Votabek,,Domani,Male,,,,,,,,,TOM,25,TOM,25,Rand al'Thor,,lieutenant,Alive ,,Soldier,,,
Villiam Bloodletter,,Unknown nationality,Male,,,,,,,TOM,47,,,,,,,,Dead,,,,,
Vogeler,,Saldaean,Male,,,,,,,,,TOM,32,TOM,32,Dragon Reborn,,,Alive ,,Soldier,,,
Vilnar Barada,,Saldaean,Male,,,,,,,,,LOC,45,LOC,45,Davram Bashere,,Under-lieutenant,Alive ,,Soldier,,,
Verdin,,Unknown nationality,Male,,,,,,,,,LOC,38,LOC,44,Band of the Red Hand,,Squadman,Alive ,,Soldier,,,
Vestas,,Unknown nationality,Male,,,,,,,,,TGS,41,TGS,41,White Tower,,Captain,Alive ,,Soldier,,,
Veshir,,Borderlander,Male,,,,,,,,,TGS,Prologue,TGS,Prologue,,,,Alive ,,Farmer,,,
Venr Kosaan,,Saldaean,Male,,,"Graying, black, curly",,Slim,,,,WH,7,KOD,32,White Tower,,,Dead,1000 NE,Warder,,,
Varek,,Seanchan,Male,,,,,Skinny,,,,TPOD,24,TPOD,24,,,Under-Lieutenant,Alive ,,,,,
Varkel Tius,,Andoran,Male,,,,,,,TOM,,TOM,,,,Two Rivers,,,Alive ,,,,,
Vasa,,Tairen,Male,,,,,Large,,,,TDR,32,TDR,32,Huan Mallia,,,Alive ,,Sailor,,,
Varil Nensen,,Taraboner,Male,,,,,,,,,TPOD,23,TPOD,23,Darkfriend,,Asha'man,Alive ,,Dreadlord,,,
Vane,,Altara,Male,Stocky,,Graying,,,,,,KOD,11,KOD,11,Darkfriend,,,Dead,1000 NE,,,,
Varan Marcasiev,,Kandori,Male,,,,,,,NS,15,,,,,Kandor,Lord of Canluum ,Lord,Alive ,,,,,
Varadin,,Unknown nationality,Male,,,,,,,LOC,9,,,,,Children of the Light,,,Alive ,,,,,
Win Lewin,,Andoran,Male,,,,,Lanky,,,,TSR,32,TSR,32,Two Rivers,,,Alive ,,,,,
Wit al'Seen,,Andoran,Male,,,Bald,,Stocky,,,,TSR,32,TSR,56,Two Rivers,,,Alive ,,,,,
Wit Congar,,Andoran,Male,,,,,Scrawny,,,,TEOTW,1,TSR,45,Two Rivers,,,Alive ,,,,,
Valan Luca,,Unknown nationality,Male,Tall,,Dark,,,,,,TFOH,13,KOD,35, ,,,Alive ,,Entertainer,,,
Will Reeve,,Unknown nationality,Male,,,,,,,,,TOM,9,TOM,9,Band of the Red Hand,,,Dead,1000 NE,Soldier,,,
Willin Mantear,,Andoran,Male,,,,,,,COT,13,,,,,House Trakand,Lord,,Alive ,,,,,
Willim,,Aiel,Male,,,,,,,,,TSR,26,TSR,26,,,,Dead,,,,Da'shain Aiel,
Willim Avarhin,,Andoran,Male,,,,,,,WH,10,,,,,,Lord,,Dead,,,,,
Wil al'Caar,,Andoran,Male,,,,,,,TEOTW,9,,,,,Two Rivers,,,Alive ,,,,,
Wilbin Saems,,Andoran,Male,,,,,,,KOD,16,,,,,,,,Dead,,Merchant,,,
Wil al'Seen,,Andoran,Male,,,,,,,TEOTW,25,TSR,32,TOM,40,Perrin Aybara,,,Alive ,,Soldier,,,
Welyn Kajima,,Arafellin,Male,,,"Black, braided",,,,,,TPOD,26,AMOL,8,The Shadow,,Asha'man,Alive ,,Dreadlord,,,
Weilin Aldragoran,,Malkier,Male,,,,,,,,,KOD,20,TOM,23,Lan Mandragoran,,,Alive ,,Merchant,,,
Whelborn,,Domani,Male,,,,,,,,,TOM,21,TOM,21,Dragon Reborn,,,Dead,1000 NE,Soldier,,,
Weiramon Saniago,,Tairen,Male,,,"Balding, gray streaked",,Thin,,,,TFOH,41,TOM,13,Darkfriend,High Lord of Tear,,Unknown,,,,,
Waylin,,Unknown nationality,Male,,,,,Broad-shouldered,,,,NS,7,NS,7,White Tower,,,Alive ,,Warder,,,
Wakeda,,Domani,Male,Average,,,,,,,,COT,Prologue,TGS,10,,,,Dead,1000 NE,,,,
Wat,,Andoran,Male,,,Bald,Narrow,,,ACOS,28,ACOS,28,,,Band of the Red Hand,,Redarm,Dead,1000 NE,Soldier,,,
Yurian Stonebow,,Far Madding,Male,,,,,,,TEOTW,14,,,,,,False Dragon,,Dead,1308 AB,,,,
Yakobin,,Arafellin,Male,,,,,,,TOM,42,,,,,Arafel,,King,Dead,,,,,
Yoeli,,Saldaean,Male,,,,,,,,,TOM,21,TOM,28,Saldaea,,,Dead,1000 NE,Soldier,,,
Yamwick,,Unknown nationality,Male,,,,,,,,,TEOTW,30,,,Children of the Light,,,Dead,998 NE,Soldier,,,
Fager Neald,,Murandian,Male,,,,,,,,,ACOS,2,AMOL,13,Perrin Aybara,,Soldier (Asha'man),Alive ,,Asha'man,,,
Yarin Maeldan,,Unknown nationality,Male,,,,,Stork-like,,,,TGH,9,TGH,46,Bayle Domon,,,Alive ,,Sailor,,,
Yulanwho,,Seanchan,Male,,,,,,,TGS,36,,,,,,,Lieutenant-General,Alive ,,,,,
Yuril,,Seanchan,Male,,,,,,,,,WH,14,TGS,19,,,Seeker,Alive ,,Secretary,,,
Furen Alharra,,Tairen,Male,Tall,,"Curly, black streaked with gray.",Dark,Lean,,LOC,43,TPOD,7,KOD,30,The Dragon Reborn,,,Alive ,,Warder,,,
Evan,,Amadician,Male,,,,,,,TFOH,18,,,,,Darkfriend,,,Alive ,,Cook,,,
Gwil,,Andoran,Male,,,,,,,LOC,Prologue,,,,,Two Rivers,,,Alive ,,Servant,,,
Gurat,,Seanchan,Male,,,,,,,KOD,34,,,,,,,,Alive ,,Soldier,,,
Furyk Karede,958 NE,Seanchan,Male,Tall,,,,,,,,TPOD,23,AMOL,37,,,Banner-General,Alive ,,Deathwatch Guard,,,
Eadwin,,Far Madding,Male,,,,,,,TPOD,Prologue,,,,,,,,Dead,,,,,
Durrent,,,Male,,,,,,,,,TOM,5,TOM,5,White Tower,,,Alive ,,Warder,,,
Cyril Wynn,978 NE,Murandian,Male,,,,,,,,,NS,5,NS,5,,,,Alive ,,,,,
Dulain,,Murandian,Male,,,,,,,TFOH,12,,,,,Murandy,Lord,,Dead,,,,,
Azi al'Thone,,Andoran,Male,,,,,,,TOM,Prologue,TOM,10,TOM,53,Perrin Aybara,,,Alive ,,Soldier,,,
Durnham,,Domani,Male,,,,,,,,,TOM,25,TOM,25,Rand al'Thor,,Commander,Alive ,,Soldier,,,
Azil Mareed,,Domani,Male,,,,,,,NS,2,,,,,White Tower,High Captain of the Tower Guards ,High Captain,Unknown (Presumed Dead) ,,Soldier,,,
Cynric Talvaen,,Ghealdanin,Male,,,,,,,RPG,,,,,,,Lord,Lord,Dead,,,,,
Azereos,,Illian,Male,,,,,,,,,WH,32,WH,32,,,,Alive ,,Merchant,,,
Awlsten,,,Male,,,,,,,,,AMOL,24,AMOL,24,Rand al'Thor,,Asha'man,Alive ,,Asha'man,,,
Avi Shendar,,Amadician,Male,,,,,,,,,TFOH,10,TFOH,10,,,,Alive ,,,,,
Durhem,,Domani,Male,,,,,,,TOM,21,,,,,Dragon Reborn,,,Alive ,,Soldier,,,
Avin,,Andoran,Male,,,,,,,,,TEOTW,13,TEOTW,13,,,,Alive ,,Gatekeeper,,,
Avar Hachami,,Saldaea,Male,,,,Dark,,,,,TFOH,50,KOD,1,White Tower,,,Alive ,,Warder,,,
Athan Dearn,,Andoran,Male,,,,,Fat,,,,TSR,56,TSR,56,Two Rivers,,,Alive ,,,,,
Aubrem Pensenor,,Andoran,Male,,,"Bald, white fringe",,Lean,,,,KOD,17,KOD,17,House Trakand,Lord,,Alive ,,,,,
Athan Chandin,,Andoran,Male,,,,,,,,,KOD,26,KOD,26,Two Rivers,,,Alive ,,Soldier,,,
Atal Mishraile,,Unknown nationality,Male,Tall,,"Golden, long",Blue,,,WH,Prologue,COT,Prologue,AMOL,42,The Shadow,,Asha'man,Alive ,,Dreadlord,,,
Astoril Damara,,Tairen,Male,,,"Long, Snow-white, Thinning","Sharp, Dark",,,WH,6,KOD,21,KOD,21,,High Lord of Tear,,Alive ,,Lord,,,
Assid Bakuun,,Seanchan,Male,,,,,,,,,TPOD,22,TPOD,22,Ever Victorious Army,,Captain,Unknown,,Soldier,,,
Asmodean,Age of Legends,,Male,Tall,,Dark,Dark,,,TSR,6,TSR,36,TFOH,56,,,Chosen,Dead,999 NE,,,,
Asan Sandair,,Cairhienin,Male,,,Balding,,,,,,TGH,25,TGH,25,,,,Alive ,,Soldier,,,
Arwin,,Unknown nationality,Male,,,,,,,,,LOC,Prologue,LOC,Prologue,Younglings,,,Alive ,,,,,
Asidim Faisar,,Unknown nationality,Male,,,,,,,LOC,31,,,,,Children of the Light,,,Alive ,,Soldier,,,
Arnin,,Altaran,Male,,,Black,Beady,Muscular,,,,ACOS,17,ACOS,17,Darkfriend,,,Alive ,,Thug,,,
Arinvar,,Cairhienin,Male,Short,,Graying,,Slender,,,,TFOH,27,KOD,1,White Tower,,,Alive ,,Warder,,,
Aried,,,Male,,,,,,Ogier,LOC,50,,,,,,,,Dead,,,,,
Artur Paendrag Tanreall,FY 912,Shandalle,Male,Tall,,Long Black,"Dark, Deep Set",,,NS,1,TGH,47,AMOL,39,,High King ,King,Bound to the Wheel,FY 994,,,,
Arent,,,Male,,,,,,Ogier,TEOTW,36,,,,,,Elder ,Elder,Alive ,,,,,
Arlen Nalaam,971 NE,Domani,Male,,,,,,,,,TPOD,23,AMOL,4,Black Tower,,Soldier (Asha'man),Dead,,Asha'man,,,
Arin,,Andoran,Male,,,,,,,,,TEOTW,17,TEOTW,17,,,,Alive ,,Watchman,,,
Arendor Haevin,,Andoran,Male,,,,,,,COT,13,,,,,House Trakand,Lord,,Alive ,,,,,
Arel Malevin,,Cairhienin,Male,Short,,,,Wide,,,,KOD,20,AMOL,37,,,Asha'man,Alive ,,Asha'man,,,
Aranvor Naldwinn,,Andoran,Male,,,,,,,TWORJTWOT,,,,,,Queen's Guard,,Captain-General,Dead,978 NE,,,,
Aracome,,Tairen,Male,,,Graying,,Slender,,TSR,21,TFOH,46,TPOD,23,The Dragon Reborn,High Lord of Tear,,Dead,1000 NE,,,,
Aram,,,Male,,,,Dark,Slender,,,,TEOTW,25,KOD,30,Masema Dagar,,,Dead,1000 NE,,,,
Argirin Darelos,,Illianer,Male,,,,,,,,,CCG,,CCG,,Council of Nine,Lord,,Alive ,,,,,
Antol,964 NE,Kandori,Male,Tall,,,,,,NS,25,,,AMOL,7,Kandor,Prince ,,Alive ,,,,,
Ara,,Andoran,Male,,Slight,Dark,,,,,,TEOTW,14,TEOTW,14,,,,Alive ,,Attendant,,,
Antail,,,Male,,,,,,,,,TOM,24,AMOL,18,Rand al'Thor,,Asha'man,Alive ,,Asha'man,,,
Anselan,,Unknown nationality,Male,,,,,,,TFOH,24,,,,,White Tower,,,Dead,,Warder,,,
Ankaer,,Domani,Male,,,,,Lanky,,,,COT,Prologue,TOM,21,Dragon Reborn,Lord,Lord,Dead,1000 NE,Soldier,,,
Anjen,,Unknown nationality,Male,,,,,,,LOC,30,,,,,,,,Dead,985 NE,Warder,,,
Anghar,,Seanchan,Male,,,,,,,,,TPOD,23,TPOD,23,,,,Alive ,,Soldier,,,
Androl Genhald,,Taraboner,Male,,,,,Square,,,,WH,Prologue,AMOL,48,Logain Ablar,,Asha'man,Alive ,,Asha'man,,,
Andris,,Illianer,Male,,,,Dark,,,,,LOC,16,LOC,16,Sammael,,,Dead,999 NE,,,,
Andric,,Taraboner,Male,,,Graying,,,,,,TSR,38,TSR,38,Tarabon,King of Tarabon ,King,Dead,1000 NE,,,,
Andere,,Malkieri,Male,,,Long,,Lean,,,,NS,15,AMOL,37,Lan Mandragoran,,,Alive ,,,,,
Andro,,Unknown nationality,Male,,,,,Lean,,,,NS,5,NS,5,White Tower,,,Dead,979 NE,Warder,,,
Amondrid Osiellin,,Cairhienin,Male,,,,,,,,,TPOD,21,TOM,50,Dragon Reborn,Lord,,Alive ,,,,,
Ander Corl,,Cairhienin,Male,,,,,,,,,TFOH,20,TFOH,20,,,,Alive ,,Bootmaker,,,
Amenar Shumada,,Seanchan,Male,,,,,,,,,TGS,19,TGS,19,,,,Alive ,,,,,
Alwyn al'Van,,Andoran,Male,,,,,,,TGH,2,,,,,Two Rivers,,,Alive ,,bootmaker,,,
Ander Tol,,Cairhien,Male,,,,,,,,,ACOS,36,TPOD,21,,,,Alive ,,Farmer,,,
Amel din Monaga Stone Anchor,,,Male,,,,,,,KOD,22,,,,,,,Swordmaster,Alive ,,,,,
Alvon,,Amadician,Male,Short,,,,Stocky,,,,KOD,5,KOD,28,Faile Bashere,,,Alive ,,,,,
Alsalam Saeed Almadar,,Domani,Male,,,"Gray, shoulder-length",,,,LOC,6,TOM,32,AMOL,24,,Lord of Almadar,King,Dead,1000 NE,,,,
Alrom,,Unknown nationality,Male,,,,,,,TOM,15,,,,,,,,Dead,,Historian,,,
Almurat Mor,,Seanchan,Male,,,Pale yellow,Blue,Slender,,,,TSR,38,COT,4,,,,Alive ,,Seeker for Truth,,,
Alric,,Unknown nationality,Male,Tall,,Gray,,Slender,,TGH,2,TSR,47,TSR,47,White Tower,,,Dead,999 NE,Warder,,,
Allin,,Andoran,Male,,,,,,,,,AMOL,37,AMOL,37,,,,Alive ,,Soldier,,,
Alpert Mull,,Andoran,Male,,,,,Solid,,,,TEOTW,33,TOM,1,,,,Alive ,,Farmer,,,
Almen Bunt,,Andoran,Male,,,,,,,,,TEOTW,34,TOM,1,,,,Alive ,,Farmer,,,
Alijha,,Aiel,Male,,,,,,,,,TSR,25,TSR,25,,,,Dead,,,,Da'shain Aiel,
Alin Seroku,,Kandori,Male,,,Graying,,,,,,NS,15,NS,15,Kandor,,,Alive ,,Soldier,,,
Alin,,Domani,Male,,,,,,,TOM,21,,,,,Dragon Reborn,,,Alive ,,Soldier,,,
Alix,,Unknown nationality,Male,,,,,,,AMOL,37,,,,,White Tower,,,Presumed alive ,,Warder,,,
Alhandrin Torelvin,,Cairhienin,Male,,,,,,,LOC,5,,,,,Band of the Red Hand,,Officer,Alive ,,Soldier,,,
Aleshin Talvaen,,Ghealdanin,Male,,,,,,,,,,,,,,Lord,General,,,,,,
Algarin Pendaloan,,Tairen,Male,,,Thinning,,,,,,COT,23,AMOL,41,,Lord,Asha'man,Alive ,,Asha'man,,,
Algwyn,,Seanchan,Male,,,,,,,WH,14,,,,,,Emperor of Seanchan ,Emperor,Dead,,,,,
Aldin Miheres,,Unknown nationality,Male,,,,,,,,,KOD,13,KOD,13,Arymilla Marne,,,Dead,1000 NE,Mercenary,,,
Aldred Gomaisen,,Cairhienin,Male,Short,,Front shaved,,Slender,,,,KOD,16,KOD,32,Elayne Trakand,,Captain,Dead,1000 NE,Mercenary,,,
Aldecain Damodred,,Cairhienin,Male,,,,,,,NS,5,,,,,,Lord,,Dead,978 NE,,,,
Aldrin Caldevwin,,Cairhienin,Male,,,"Dark, shaved, powdered",,,,,,TGH,21,TGH,21,,,Captain,Alive ,,Soldier,,,
Alalved,,Aiel,Male,Tall,,,,,,TOM,49,,,,,,,,Unknown,,Clan chief,,Tomanelle,Unknown sept
Aldin,,Amadician,Male,Tall,,,,Square-shouldered,,,,KOD,30,TOM,34,Perrin Aybara,,,Alive ,,,,,
Alarch,,Aiel,Male,,,Dark,,,,,,TOM,49,TOM,49,,Child of the Dragon ,,Foreseen,,,,,
al'Lan Mandragoran,953 NE,Malkieri,Male,"1 span, 1 foot, 7 inches / 6 feet 5",,"Dark, graying",Blue,Muscular,,,,NS,1,AMOL,Epilogue,,Lord of the Seven Towers,,Alive ,,Warder,,,
Ajimbura,,Seanchan,Male,,,,Blue,,,,,COT,4,KOD,36,,,,Alive ,,Servant,,,
al'Akir Mandragoran,,Malkier,Male,,,,,,,NS,15,,,,,,King of Malkier ,King,Dead,,,,,
Alaabar Harnesh,,Murandian,Male,Short,,Bald,,,,,,TOM,Prologue,TOM,35,Children of the Light,,Lord Captain,Alive ,,Soldier,,,
Ailron Rovere Lukan,,Amadician,Male,,,"Dark, wavy, receding",,Delicate,,LOC,Prologue,TFOH,16,LOC,Prologue,,Defender of Amadicia,King,Dead,1000 NE,,,,
Aghan,,Saldaean,Male,,,,,,,,,KOD,27,KOD,27,Davram Bashere,,,Alive ,,Soldier,,,
Aginor,Age of Legends,,Male,Tall,,,,,,TEOTW,1,TEOTW,50,TEOTW,52,,,Chosen,Dead,998 NE,,,,
Aldan,,Unknown nationality,Male,,,,,,,TGS,24,,,,,Gareth Bryne,,Captain,Alive ,,Soldier,,,
Agelmar Jagad,,Shienar,Male,,,Pure white topknot,Brown,,,,,TEOTW,46,AMOL,28,,Lord of Fal Dara ,General,Alive ,,,,,
Agni Neres,,Altaran,Male,Tall,,,,Bony,,,,TFOH,48,TFOH,49,,,,Alive ,,Ship captain,,,
Agardo Saranche,,Tairen,Male,,,Balding,Dark,Lean,,,,KOD,21,KOD,21,,,,Alive ,,Innkeeper,,,
Aemon al Caar al Thorin,c. 1155 AB,Manetherenite,Male,,,,,,,TEOTW,9,,,,,,King of Manetheren ,Nobility,Dead,1200 AB,,,,
Aemin,,Andoran,Male,,,Graying,,Broad and stocky,,,,TPOD,9,TOM,40,Perrin Aybara,,,Alive ,,Farrier,,,
Afrim Hansard,,Andoran,Male,,,,,Burly,,,,KOD,16,KOD,16,Queen's Guard,,,Alive ,,Soldier,,,
Aeman Senhold,,Amadician,Male,,,,,,,,,,,,,,Lord,General,,,,,,
Aedwin Cole,,Unknown nationality,Male,,,,,,,,,TGH,46,TGH,46,Bayle Domon,,,Alive ,,Sailor,,,
Aedomon,,Saferin,Male,,,,,,,TSR,37,,,,,,King of Safer ,King,Dead,,,,,
Adrin,,Saldaean,Male,,,Fair,,,,,,TGS,11,TGS,11,Davram Bashere,,,Dead,1000 NE,Soldier,,,
Aedmun Matherin,,Andoran,Male,,,,,,,COT,10,,,,,House Trakand,Lord,High Seat,Alive ,,,,,
Adsalan,,Unknown nationality,Male,,,Ruddy,,,,,,TGS,12,TGS,12,White Tower,,,Dead,,Warder,,,
Admira,,Tairen,Male,,,,,Stocky,,,,WH,32,WH,32,,,,Alive ,,Merchant,,,
Admer Nem,,Andoran,Male,,,Lank and thinning,,Stout,,,,TFOH,1,TFOH,1,,,,Alive ,,Farmer,,,
Admar,,Unknown nationality,Male,,,,,,,,,KOD,37,KOD,37,Band of the Red Hand,,Officer,Alive ,,Soldier,,,
Adan al'Caar,,Andoran,Male,,,,,,,TEOTW,2,,,,,Two Rivers,,,Alive ,,,,,
Adden,,Unknown nationality,Male,,,Fair,,Large,,,,TDR,39,TDR,39,,,,Dead,,,,,
Ackley Ferran,,Andoran,Male,,,,,,,TEOTW,33,,,,,,,,Alive ,,Farmer,,,
Adan,,Aiel,Male,,,,,,,,,TSR,25,TSR,26,,,,Dead,,,,Da'shain Aiel,
Adamad,,Borderlander,Male,,,,,,,,,TGS,Prologue,TGS,Prologue,,,,Alive ,,Farmer,,,
Abdel Omerna,,Amadician,Male,Tall,,"Long, White","Dark, Deep, Thoughtful",,,LOC,9,LOC,9,,,Children of the Light,,Lord Captain,Dead,1000 NE,Soldier,,,
Abors,,Unknown nationality,Male,,,,,,,,,AMOL,10,AMOL,14,The Shadow,,Asha'man,Dead,1000 NE,Asha'man,,,
Abelle Pendar,,Andoran,Male,,,Gray,,,,TFOH,19,LOC,16,,,House Trakand,Lord,High Seat,Alive ,,,,,
Abell Cauthon,955 NE,,Male,,,,,,,TEOTW,7,TSR,31,AMOL,Epilogue,Two Rivers,,,Alive ,,Village Councilor,,,
Abaldar Yulan,,Seanchan,Male,Very small,,Bald,,,,,,TPOD,24,AMOL,37,,,Lieutenant-General,Alive ,,,,,
Cutaris,,Domani,Male,,,,,Long-limbed,,,,TOM,21,TOM,21,Dragon Reborn,,,Alive ,,Soldier,,,
Abar,,Domani,Male,,,,,Lean,,,,KOD,8,,,Valan Luca,,,,,Entertainer,,,
Cully,,Altaran,Male,,,,,Gnarled,,ACOS,15,,,,,Darkfriend,,,Alive ,,,,,
Culhan Carand,,Andoran,Male,,,,,,,LOC,28,TPOD,17,TPOD,17,,Lord,,Alive ,,,,,
Culain,,Aldesharin,Male,,,,,,,COT,3,,,,,,,General,Dead,,Soldier,,,
,,,,,,,,,,,,,,,,,,,,,,,,
Cuellar,,Unknown nationality,Male,,,,,,,,,,,,,,,Asha'man,Alive ,,Asha'man,,,
Cuale,,Cairhienin,Male,,,,,Plump,,,,TGH,25,TGH,31,,,,Alive ,,Innkeeper,,,
Culen,,Murandian,Male,,,,,Lean,,,,LOC,5,LOC,5,Hunter of the Horn,Lord,,Alive ,,Hunter of the Horn,,,
Croi Makin,,Andoran,Male,,,Yellow,,,,,,TFOH,50,COT,16,White Tower,,,Alive ,,Warder,,,
Creedin,,Domani,Male,,,,,,,TOM,18,,,,,Dragon Reborn,,Captain,Alive ,,Soldier,,,
Cowin Gemallan,,Malkier,Male,,,,,,,TEOTW,47,,,,,Darkfriend,,Lord,Dead,,,,,
Coulin,,Unknown nationality,Male,,,,,,,TDR,16,,,,,White Tower,,Master of Arms,Dead,999 NE,Warder,,,
Cowlin,,Altaran,Male,,,,,,,COT,26,,,,,,Lord,,Alive ,,,,,
Coumin,,Aiel,Male,,,,,,,,,TSR,26,TSR,26,,,,Dead,,,,Da'shain Aiel,
Corman,,Aiel,Male,,,,,,,,,TFOH,3,LOC,17, ,,,Alive ,,,,Goshien,Mosaada
Couladin,,Aiel,Male,Tall,,Flame-colored,,Broad-shouldered,,,,TSR,23,TFOH,44,Shaido,,,Dead,999 NE,Clan chief,,Shaido,Domai
Cormalinde Masoon,,Unknown nationality,Male,,,,,,,KOD,3,,,,,,,,Dead,,Artist,,,
Coteren,,Unknown nationality,Male,,,"Black, oily and long",,Bulky,,,,TOM,46,AMOL,4,The Shadow,,Asha'man,Dead,1000 NE,Asha'man,,,
Coram,,Aiel,Male,,,,,,,TDR,39,TPOD,Prologue,TPOD,Prologue, ,,,Alive ,,,,Unknown clan,Unknown sept
Corevin,,Cairhienin,Male,,,,,Muscular,,,,ACOS,17,ACOS,38,Band of the Red Hand,,Redarm,Dead,1000 NE,Soldier,,,
Corbet,,Unknown nationality,Male,,,,,,,,,TGS,13,TGS,13,Younglings,,,Alive ,,,,,
Cords,,Unknown nationality,Male,,,Red,,Heavyset,,,,TGS,24,TGS,24,White Tower,,Sergeant,Alive ,,Soldier,,,
Connel,,Domani,Male,,,,,,,,,TOM,21,TOM,28,Dragon Reborn,,,Alive ,,Soldier,,,
Conail Northan,,Andoran,Male,Tall,,,"Merry, brown",Lean,,,,COT,13,TOM,23,House Trakand,Lord,High Seat,Alive ,,,,,
Connl,,Unknown nationality,Male,,,,,,,,,KOD,27,KOD,27,Band of the Red Hand,,,Alive ,,Soldier,,,
Con Aybara,,Andoran,Male,,Slim,,,,,,,TEOTW,Ravens,TEOTW,Ravens,Two Rivers,,,Dead,999 NE,,,,
Comran,,Aiel,Male,,,,,,,TSR,25,,,,,,,,Dead,,,,Aiel,
Com,,Tairen,Male,,,,,,,,,KOD,21,KOD,21,,,,Unknown,,,,,
Comar,,Andoran,Male,Tall,,,Blue,,,,,TDR,46,TDR,49,Darkfriend,Lord,,Dead,999 NE,,,,
Clintock,,Unknown nationality,Male,,,,,,,,,TOM,52,TOM,52,Band of the Red Hand,,,Alive ,,,,,
Coiam,,,Male,,,,,,Ogier,LOC,50,,,,,,,,Dead,,,,,
Col,,Tairen,Male,,,,,,,,,COT,2,COT,2,,,,Alive ,,Servant,,,
Chisen,,Seanchan,Male,,,,,,,KOD,34,,,,,,,General,Alive ,,Soldier,,,
Colly Garren,,Andoran,Male,,,,,,,TSR,40,,,,,Two Rivers,,,Dead,999 NE,,,,
Chin Akima,,Unknown nationality,Male,,,,,,,TFOH,36,,,,, ,,,Dead,999 NE,Entertainer,,,
Chin Ellisor,,Tar Valon,Male,,,,,,,,,TDR,37,TDR,37,,,,Alive ,,Ship captain,,,
Cieryl Arjuna,,Tairen,Male,Tall,,,,Gangly,,,,TPOD,1,KOD,32,Rebel Aes Sedai,,,Dead,1000 NE,Warder,,,
Chianmai,,Seanchan,Male,,,,,,,,,TPOD,24,TPOD,24,Ever Victorious Army,,Banner-General,Dead,1000 NE,Soldier,,,
Coke,,Illianer,Male,,,,,Lanky,,,,TDR,39,TDR,39,,,,Dead,,,,,
Chet,,Andoran,Male,,,Dappled silver,,,,,,TOM,22,TOM,22,,,,Alive ,,,,,
Chel Vanin,,Andoran,Male,,,Balding,,Fat,,,,LOC,22,AMOL,37,Band of the Red Hand,,Scout,Unknown,,Soldier,,,
Chaser,,Unknown nationality,Male,Tall,,,,,,,,TOM,8,TOM,8,,,,Alive ,,,,,
Charn,,Aiel,Male,,,Short Reddish-Gold,,,,,,TSR,26,TSR,26,,,,Dead,,,,Da'shain Aiel,
Charlz Guybon,,Andoran,Male,Tall,,,Hazel,,,,,KOD,13,AMOL,37,Queen's Guard,,Captain,Alive ,,Soldier,,,
Charlin,,Aiel,Male,,,,,,,,,TSR,25,TSR,25,,,,Dead,,,,Da'shain Aiel,
Charl Gedwyn,,Unknown nationality,Male,Average,,,,,,,,LOC,55,WH,33,Darkfriend,Tsorovan'm'hael,Asha'man,Dead,1000 NE,Asha'man,,,
Ceran Tol,,Unknown nationality,Male,,,,,,,LOC,23,,,,,,,,Dead,,Artist,,,
Chaena,,Shienaran,Male,,,Shaven bald,,,,TFOH,38,,,,,Masema Dagar,,,Dead,1000 NE,,,,
Changu,,Shienaran,Male,,,,,,,,,TGH,3,TGH,10,Darkfriend,,,Dead,998 NE,Guard,,,
Cenn Buie,,Andoran,Male,,,,,,,,,TEOTW,Ravens,LOC,Prologue,Two Rivers,Village Councilor,,Alive ,,Thatcher,,,
Celark,,Unknown nationality,Male,,,Light brown,,Lean,,,,TOM,22,TOM,42,White Tower,,,Dead,1000 NE,Soldier,,,
Charendin,,Aiel,Male,,,,,,,,,TSR,25,TSR,25,,Sept Chief ,,Dead,,,,Aiel,
Cassin,,Aiel,Male,Tall,,Yellow,,Lean,,,,LOC,19,LOC,21, ,,,Alive ,,,,Goshien,Unknown sept
Cavan Lopar,,Tairen,Male,,,,,Rotund,,TDR,49,,,,,,,,Alive ,,Innkeeper,,,
Carlon Belcelona,,Tairen,Male,,,,,,,,,WH,6,KOD,12,Cha Faile,,,Alive ,,,,,
Carney,,Unknown nationality,Male,,,,,,,,,NS,14,NS,14,,,,Alive ,,Ship captain,,,
Carn,,Unknown nationality,Male,,,,,,,TGH,9,,,,,Bayle Domon,,,Dead,,Sailor,,,
Carlomin,,Tairen,Male,Tall,,,,Slender,,,,TSR,2,KOD,26,Band of the Red Hand,Lord,Banner-General,Alive ,,Soldier,,,
Carleon,,Tairen,Male,,,,,Thick,,,,TSR,4,TSR,4,,High Lord of Tear,,Dead,999 NE,,,,
Carilo,,Unknown nationality,Male,,,,,Stocky,,,,LOC,53,LOC,53,White Tower,,,Alive ,,Warder,,,
Carlin,,Andoran,Male,,,,,,,TSR,29,,,,,Two Rivers,,,Dead,,,,,
Canin,,Unknown nationality,Male,,,,,Round,,,,TDR,39,TDR,48,,,,Alive ,,Ship captain,,,
Caniedrin,,Kandori,Male,,,,,,,,,NS,1,NS,21,,,,Dead,979 NE,Soldier,,,
Camrin,,Altaran,Male,,,Dark,,,,,,KOD,11,KOD,11,,,,Alive ,,Merchant,,,
Calwyn Sutoma,,Altaran,Male,,,"Long, Black",,Cadaverous,,,,WH,18,WH,18,,,,Alive ,,Bellfounder,,,
Candeiar,,,Male,,,,,,,,,TOM,2,TOM,2,Children of the Light,,Soldier,Alive ,,Soldier,,,
Callswell,,Domani,Male,,,,,,,TGS,31,,,,,,Lord,,Alive ,,,,,
Camar,,Aiel,Male,,,Gray,,Tall,,,,ACOS,34,ACOS,34, ,,,Alive ,,,,Daryne,Bent Peak
Canvele,,Unknown nationality,Male,,,,,,,ACOS,Prologue,,,,,Children of the Light,,Lord Captain,Unknown,,Soldier,,,
Caldin,,Aiel,Male,,,Graying,,,,,,LOC,26,LOC,26, ,,,Alive ,,,,Unknown clan,Unknown sept
Calison,,,Male,,,,,,,TOM,22,,,,,Queen's Guard,,,Alive ,,Soldier,,,
Cairdin,,Aiel,Male,,,,,,,,,ACOS,40,ACOS,40,Sevanna,,,Dead,1000 NE,,,Shaido,Moshaine
Caban,,Seanchan,Male,,,,Dark,,,,,TGH,29,TGH,29,,,,Alive ,,,,,
Dormin,,Cairhienin,Male,,,,,Stocky,,,,KOD,28,KOD,28,Faile Bashere,,,Alive ,,Bootmaker,,,
Donjel,,Domani,Male,,,,,,,,,COT,Prologue,COT,Prologue,Arad Doman,,,Alive ,,Soldier,,,
Caar al Thorin al Toren,,Manetherenite,Male,,,,,,,TEOTW,19,,,,,,Prince of Manetheren ,,Dead,,,,,
Donel do Morny a'Lordeine,,Murandian,Male,,,,,,,,,TPOD,17,TPOD,18,Murandy,Lord,,Alive ,,,,,
Doirellin,,Cairhienin,Male,Short,,,,"Muscular, Wide",,,,KOD,Prologue,KOD,Prologue,Children of the Light,,,Alive ,,Soldier,,,
Donalo Sandomere,,Tairen,Male,,,,,,,,,LOC,42,AMOL,42,The Shadow,,Asha'man,Alive ,,Dreadlord,,,
Doni,,Tairen,Male,,,,,,,,,KOD,21,KOD,21,,,,Unknown,,,,,
Doile,,Cairhienin,Male,,,,,,,,,TPOD,24,TPOD,24,Dragon Reborn,,Scout,Alive ,,,,,
Doressin Chuliandred,,Cairhienin,Male,,,,,Bony,,,,TPOD,21,TOM,50,Dragon Reborn,Lord,,Alive ,,,,,
Dobser,,Unknown nationality,Male,,,,,,,,,AMOL,3,AMOL,4,The Shadow,,Asha'man,Unknown (Likely in the Stedding) ,,Asha'man,,,
Diryk,971 NE,Kandori,Male,,,,Dark,,,,,NS,22,NS,26,Kandor,,,Dead,979 NE,,,,
Doilan,,Aiel,Male,,,,,,,,,LOC,25,LOC,25,,,,Alive ,,,,Shaido,Unknown sept
Doirmanes,,Cairhienin,Male,,,,,Slender,,,,KOD,5,KOD,5,,Lord,,Alive ,,,,,
Dongal,,Unknown nationality,Male,,,,,,,KOD,27,,,,,Band of the Red Hand,,Officer,alive ,,Soldier,,,
Dobraine Taborwin,,Cairhienin,Male,,,Gray,,,,TFOH,45,TFOH,46,TGS,42,The Dragon Reborn,Lord,,Alive ,,Steward of the Dragon,,,
Dimir Faral,,Unknown nationality,Male,,,,,,,,,LOC,26,LOC,26,Children of the Light,,,Alive ,,Soldier,,,
Dilham,,Andor,Male,,,,,,,,,LOC,10,LOC,10,,,,Alive ,,Innkeeper,,,
Dhearic,,Aiel,Male,,,"Golden, white-streaked",,Thick set,,TSR,49,TFOH,20,LOC,4, ,,,Alive ,,Clan chief,,Reyn,
Desartin,,Murandian,Male,,,,,,,AMOL,Prologue,,,,,Murandy,Lord of Murandy ,Lord,Dead,,,,,
Desautel,,,Male,,,,,,,,,TOM,43,AMOL,43,Rand al'Thor,,Dedicated,Alive ,,Asha'man,,,
Deryl,,Altaran,Male,,,,,,,,,ACOS,14,,,,,,Alive ,,Guardsman,,,
Derry,,Unknown nationality,Male,,,,,,,TOM,9,,,,,Band of the Red Hand,,,Dead,1000 NE,Soldier,,,
Burin Shaeren,,Domani,Male,,,,,Stumpy,,,,LOC,8,TGS,26,White Tower,,,Alive ,,Warder,,,
Buiryn,,Manetherenite,Male,,,,,,,TSR,37,,,,,,King of Manetheren ,King,Dead,,,,,
Burdin,,Unknown nationality,Male,,,,,,,,,LOC,22,LOC,22,Band of the Red Hand,,,Alive ,,Soldier,,,
Bulen,,Kandori,Male,,,Black,,,,,,NS,22,AMOL,9,Lan Mandragoran,,,Dead,1000 NE,Soldier,,,
Bukama Marenellin,,Malkier,Male,Tall,,"Gray, shoulder length",Blue,,,,,NS,1,NS,25,Lan Mandragoran,,Armsman,Dead,979 NE,Soldier,,,
Brynt,,Unknown nationality,Male,,,,,,,,,AMOL,Prologue,AMOL,Prologue,Band of the Red Hand,,,Alive ,,Soldier,,,
Brys Noramaga,,Kandori,Male,,,,,Stocky,,,,NS,22,NS,26,Kandor,Swordbearer ,Lord,Dead,979 NE,,,,
Brys (Taraboner),,Taraboner,Male,,,,,,,TSR,38,,,,,Tarabon,,Lord,Alive ,,,,,
Brugh Chavana,,Unknown nationality,Male,,,,,,,,,TFOH,17,COT,29,Valan Luca,,,Alive ,,Entertainer,,,
Buel Dowtry,,Andoran,Male,,,White,,,,TSR,40,TSR,45,TSR,56,Two Rivers,,,Alive ,,Fletcher,,,
Bruan,,Aiel,Male,,,,Gray,Heavy,,TSR,49,TFOH,2,TOM,49, ,,,Alive ,,Clan chief,,Nakai,
Brokel,,Unknown nationality,Male,,,,,,,,,AMOL,37,AMOL,37,Children of the Light,,,Alive ,,Soldier,,,
Bren,,Altaran,Male,,,,,,,,,ACOS,16,,,,,,Alive ,,Servant,,,
Brannin Martan,,Andoran,Male,,,Gray,,,,,,KOD,17,KOD,17,House Trakand,Lord,,Alive ,,,,,
Branlet Gilyard,,Andoran,Male,,,Unruly Black curls,"Big, blue",,,,,COT,13,KOD,35,House Trakand,Lord,High Seat,Alive ,,,,,
Brandelwyn al'Vere,,Andoran,Male,,,Gray,Brown,,,,,TEOTW,Ravens,TSR,56,Two Rivers,Mayor,,Alive ,,Innkeeper,,,
Brandel Vordarian,,Andoran,Male,,,"Blond, graying",,Muscly,,,,TOM,2,TOM,4,Children of the Light,,Lord Captain,Alive ,,Soldier,,,
Boral Amadia,,Taraboner,Male,,,,,,,RPG,,,,,,Artur Hawkwing,Lord,General,Dead,,,,,
Bollin,,Unknown nationality,Male,,,,Squinty,Big,,,,KOD,7,KOD,7,Valan Luca,,,Alive ,,Horse handler,,,
Blaeric Negina,,Shienaran,Male,Tall,,"Black, topknot",Blue,,,ACOS,17,WH,29,TOM,9,White Tower,,,Alive ,,Warder,,,
Binde,,Unknown nationality,Male,,,,,,,,,TOM,31,AMOL,31,Rand al'Thor,,Asha'man,Alive ,,Asha'man,,,
Bili al'Dai,,Andoran,Male,,,,,,,,,TSR,33,TSR,40,Two Rivers,,,Dead,999 NE,,,,
Derne,,Unknown nationality,Male,,,,,,,,,TDR,39,TDR,49,,,,Alive ,,Ship captain,,,
Dermon,,Aiel,Male,Tall,,White,Blue,Gaunt,,,,TSR,25,TSR,25,,,,Dead,,,,Jenn Aiel,
Bili Congar,,Andoran,Male,,,,,,,,,TEOTW,Ravens,TSR,56,Two Rivers,,,Alive ,,,,,
Bili Mandair,978 NE,Unknown nationality,Male,,,,,,,NS,6,,,,,,,,Alive ,,,,,
Blasic Faloun,,Seanchan,Male,Short,,Graying,,,,,,KOD,12,KOD,12,,,Captain,Alive ,,,,,
Dermid Ajala,,Tairen,Male,,,Dark,Pale blue,,,,,TDR,50,TDR,53,,,,Alive ,,Blacksmith,,,
Denezel,,Andoran,Male,Tall,,Shaved,,,,,,TOM,47,TOM,47,,,,Alive ,,Innkeeper,,,
Denal,,Altaran,Male,,,,,,,,,ACOS,23,,,,,,Alive ,,Unknown occupation,,,
Dennel,,Unknown nationality,Male,,,,,,,,,AMOL,Prologue,AMOL,Prologue,Band of the Red Hand,,,Alive ,,Soldier,,,
Denharad,,Cairhienin,Male,,,,,,,,,TPOD,23,TPOD,24,Dragon Reborn,,Lance-Captain,Alive ,,Soldier,,,
Demandred,Age of Legends,,Male,Tall,,Jet-black,,,,TEOTW,42,LOC,Prologue,AMOL,37,,Blademaster ,Chosen,Dead,,,,,
Demetre Marcolin,,Illianer,Male,,,,,Stout,,,,TPOD,13,TPOD,24,,,First Captain,Dead,1000 NE,Soldier,,,
Delarn,,,Male,,,,,,,,,TGS,27,AMOL,36,Band of the Red Hand,,,Alive ,,Soldier,,,
Deepe Bhadar,,Andoran,Male,,,"Black, long",,,,,,TOM,28,AMOL,16,Rand al'Thor,Senior Leader ,Asha'man,Dead,1000 NE,Asha'man,,,
Davram t'Ghaline Bashere,,Saldaean,Male,Short,Slender,Gray streaked black,Tilted dark,,,TSR,13,TFOH,56,AMOL,37,,Bashere,Marshal-General,Dead,,,,,
Dawlin Armaghn,,Andoran,Male,,,,,,,COT,Prologue,,,,,House Marne,,,Alive ,,,,,
Davindra,,Altaran,Male,,,,,,,,,ACOS,16,,,,,,Alive ,,Unknown occupation,,,
Davian,,Unknown nationality,Male,,,,,,,TEOTW,14,,,,,,False Dragon,,Dead,,,,,
Daved Hanlon,,Andoran,Male,Average,,,"Dark, unblinking",,,,,ACOS,35,AMOL,39,Darkfriend,,,Dead,,,,,
Davies,,Andoran,Male,,,,,,,,,AMOL,Prologue,AMOL,Prologue,,Lord,,,,Soldier,,,
Dedric,,Aiel,Male,,,Yellow,,,,,,LOC,18,LOC,18, ,,,Alive ,,,,Codarra,Jaern Rift
Dav Ayellin,,Andoran,Male,,,,Dark,Stocky,,TEOTW,Ravens,TSR,43,TSR,56,Two Rivers,,,Alive ,,,,,
Darvan,,,Male,,,,,,,TSR,17,,,,,,,,Unknown,,Fictitious Character,,,
Darlin Sisnera,,Tairen,Male,,,"Dark, close-cropped",Blue,,,,,TDR,54,AMOL,20,,King of Tear ,King,Alive ,,,,,
Daruo,,Seanchan,Male,,,,,,,,,AMOL,15,AMOL,15,,,,Alive ,,Deathwatch Guard,,,
Darl Coplin,,Andoran,Male,,,,,,,TEOTW,7,TEOTW,9,TOM,10,Perrin Aybara,,,Alive ,,,,,
Darin,,Aiel,Male,,,,,,,ACOS,40,,,,,Sevanna,,,Alive ,,,,Shaido,Moshaine
Darvin,,Aiel,Male,Tall,,,,,,TOM,49,,,,,,,,Unknown,,Clan chief,,Reyn,Unknown sept
Daricain Annallin,,Cairhienin,Male,,,Shaved,,Slender,,,,TFOH,30,TFOH,30,,Lord,Lieutenant,Alive ,,Soldier,,,
Damer Flinn,,Andoran,Male,,,"White, Nearly Bald",,,,,,LOC,3,AMOL,Epilogue,The Dragon Reborn,,Asha'man,Alive ,,Asha'man,,,
Danil,978 NE,Murandian,Male,,,,,,,,,NS,5,NS,5,,,,Alive (Presumed) ,,,,,
Dar,,Andoran,Male,,,,,,,,,TEOTW,17,TEOTW,17,,,,Alive ,,Watchman,,,
Dannil Lewin,,Andoran,Male,,,,,Thin,,,,TSR,33,AMOL,8,Two Rivers,,,Alive ,,Soldier,,,
Dalthanes Annallin,,Cairhienin,Male,,,,,,,,,TPOD,21,TPOD,24,Dragon Reborn,Lord,,Alive ,,,,,
Dal,,,Male,,,,,,Ogier,LOC,20,,,,,,,,Dead,,,,,
Dain Bornhald,,Taraboner,Male,,,,,,,,,TEOTW,15,AMOL,13,Children of the Light,Lord,,Alive ,,Soldier,,,
Dalresin Damodred,,Cairhienin,Male,,,Gray,,,,NS,2,,,,,,Lord,Lord,Dead,972 NE,,,,
Dafid Norley,,Cairhienin,Male,Short,,,,Stout,,,,TPOD,26,TOM,56,Logain Ablar,,Asha'man,Alive ,,Asha'man,,,
Dav al'Thone,,Andoran,Male,,,,,,,,,AMOL,15,AMOL,15,Two Rivers,,,Alive ,,,,,
Daerid Ondin,,Cairhienin,Male,Short,,Shaven,Hard,Slender,,,,TFOH,43,LOC,38,Band of the Red Hand,,Lieutenant-General,Alive ,,Soldier,,,
Dag Coplin,,Andoran,Male,,,Gray,,,,,,TEOTW,Ravens,TSR,43,Two Rivers,,,Alive ,,,,,
Bili,,Illianer,Male,,,,,Large,,,,TGH,9,TDR,43,Nieda Sidoro,,,Alive ,,Bouncer,,,
Bili Adarra,,Andoran,Male,,,,,,,,,KOD,26,KOD,26,Two Rivers,,,Alive ,,Soldier,,,
Beslan Mitsobar,,Altaran,Male,,Slender,"Black, long",Black,,,,,LOC,48,AMOL,37,,King,King,Alive ,,,,,
Bertome Saighan,,Cairhienin,Male,Short,,,,,,,,TPOD,21,TOM,52,Dragon Reborn,Lord,High Seat,Alive ,,,,,
Beron Goerad,,Ghealdanin,Male,,,,,,,,,,,,,,,,Alive ,,Merchant,,,
Bertain Gallenne,,Mayener,Male,Medium,,Graying,One missing,,,ACOS,18,ACOS,27,AMOL,13,Perrin Aybara,,Lord Captain,Dead,,Soldier,,,
Bernherd,,Tairen,Male,,,,,,,,,TOM,8,TOM,8,,,,Alive ,,Tavernkeeper,,,
Berden,,Tairen,Male,,,,,,,,,TGS,13,TGS,13,Younglings,,,Alive ,,Soldier,,,
Berin Thane,,Andoran,Male,,,,,,,TEOTW,7,TSR,56,TSR,56,Perrin Aybara,,,Alive ,,,,,
Berg,,Unknown nationality,Male,,,,,,,,,TOM,8,TOM,8,Melli Craeb,,,Alive ,,Bouncer,,,
Berab Golever,,Unknown nationality,Male,Tall,,,,Lanky,,,,TOM,Prologue,AMOL,16,Children of the Light,,Lord Captain,Alive ,,Soldier,,,
Benji Dalfor,,Unknown nationality,Male,,,,,,,,,LOC,Prologue,LOC,55,Younglings,,,Dead,1000 NE,Soldier,,,
Benish,,Taraboner,Male,,,,,,,,,AMOL,16,AMOL,16,Lan,,,Alive ,,,,,
Bendhuin,,Aiel,Male,,,,,,,,,ACOS,Prologue,ACOS,40,Sevanna,,,Alive ,,,,Shaido,Green Salts
Beidomon,,Unknown nationality,Male,,,,,,,TSR,26,,,,,,,Aes Sedai (Age of Legends),Dead,,,,,
Belvyn,,Unknown nationality,Male,,,,,,,ACOS,37,,,,,Band of the Red Hand,,Redarm,Dead,1000 NE,Soldier,,,
Be'lal,Age of Legends,,Male,Tall,,"White, close-cropped",,Stocky,,,,TDR,4,TDR,55,,Blademaster ,Chosen,Dead,999 NE,,,,
Bayrd,,Andoran,Male,,,,,,,,,AMOL,Prologue,AMOL,37,,,,,,Soldier,,,
Benly Coplin,,Andoran,Male,,,,,,,TPOD,22,,,,,Two Rivers,,,Dead,,,,,
Bayle Domon,,Illianer,Male,,,Brown,,"Broad, muscular",,,,TEOTW,20,AMOL,23,,,,Alive ,,,,,
Bassane,,Cairhienin,Male,Short,,,,Wide,,,,WH,23,TGS,7,White Tower,,,Alive ,,Warder,,,
Dael al'Taron,,Andoran,Male,,,,,,,,,TSR,40,TSR,40,Two Rivers,,,Dead,999 NE,,,,
Basram,,Domani,Male,Short,,,,Stocky,,,,NS,1,NS,1,Lan Mandragoran,,,Alive ,,Soldier,,,
Bavin Rockshaw,,Cairhienin,Male,,,"Gray, blond speckled",,Slender,,,,TGS,17,TOM,16,Perrin Aybara,,,Alive ,,Quartermaster,,,
Basel Gill,,Andoran,Male,,,Balding,,Plump,,,,TEOTW,35,TOM,4,Morgase Trakand,,,Alive ,,,,,
Bartol,,Unknown nationality,Male,,,,,,,LOC,52,COT,23,COT,23,White Tower,,,Alive ,,Warder,,,
Barthanes Damodred,,Cairhienin,Male,Tall,,,,Slim,,TGH,30,TGH,32,TGH,33,Darkfriend,Lord,,Dead,998 NE,,,,
Bartu,,Shienaran,Male,,,Shaven bald,,,,TFOH,38,COT,7,COT,7,Masema Dagar,,,Dead,1000 NE,,,,
Bartim,,Andoran,Male,,,Balding,,Fat,,,,TEOTW,26,TEOTW,26,,,,Alive ,,Innkeeper,,,
Barriga,,Borderlander,Male,,,,,,,TOM,Prologue,TOM,Epilogue,TOM,Epilogue,,,,Dead,1000 NE,Merchant,,,
Basan,,Unknown nationality,Male,,,,,,,LOC,43,,,,,White Tower,,,Dead,,Warder,,,
Baroc,,,Male,,,"Balding, white",Deep set,,,,,ACOS,13,ACOS,13,,,Master of the Blades,Dead,1000 NE,,,,
Barrin,,Seanchan,Male,,,,,,,,,AMOL,15,AMOL,15,,,,Alive ,,Deathwatch Guard,,,
Barmanes Nolaisen,,Cairhienin,Male,,,,,,,,,KOD,12,KOD,12,Cha Faile,Lord,,Alive ,,,,,
Barlden,,Andoran,Male,,,Black,,Sturdy,,,,TGS,27,TGS,28,Hinderstap,,,Alive ,,Mayor,,,
Barmellin,,Cairhienin,Male,,,,,,,,,WH,35,WH,35,,,,Alive ,,Farmer,,,
Barlett,,Unknown nationality,Male,,,,,Lean,,,,TOM,Prologue,TOM,Prologue,Children of the Light,,Scout leader,Alive ,,Soldier,,,
Barit Chavana,,,Male,Short,,,,Compact,,,,TFOH,17,COT,29,Valan Luca,,,Alive ,,Entertainer,,,
Barin Madwen,,Cairhien,Male,,,,,,,TGH,21,,,,,,,,Dead,,Innkeeper,,,
Baris,,Altaran,Male,,,,,,,,,LOC,52,LOC,52,,,,Alive ,,,,,
Bari,,Andoran,Male,,,,,,,,,LOC,19,LOC,20,Andor,,,Alive ,,Servant,,,
Bari,,Unknown nationality,Male,,,,,,,,,TFOH,17,TFOH,48,Valan Luca,,,Alive ,,Entertainer,,,
Barettal,,Domani,Male,,,,,,,,,TOM,21,TOM,21,Dragon Reborn,,,Alive ,,Soldier,,,
Barel Layden,,Andoran,Male,,,,,Lanky,,LOC,28,KOD,17,KOD,32,House Trakand,Lord,,Alive ,,,,,
Barim Halle,,Andoran,Male,,,,,Wiry,,,,TFOH,1,TFOH,28,Gareth Bryne,,,Alive ,,,,,
Banas,,Ghealdanin,Male,,,,,,,TDR,8,,,,,,,,Alive ,,,,,
Bar Dowtry,,Andoran,Male,,,,,,,,,KOD,29,KOD,29,Two Rivers,,,Alive ,,Cabinetmaker,,,
Baran,,Tairen,Male,,,,,,,,,TSR,2,TSR,2,,Lord,,Dead,999 NE,,,,
Bandry Crawe,,Andoran,Male,,,,,,,TEOTW,4,COT,5,COT,5,Two Rivers,,,Alive ,,,,,
Balwen Mayel,,Aridholin,Male,,,,,,,TEOTW,19,,,,,,King of Aridhol ,King,Dead,,,,,
Ban al'Seen,,Andoran,Male,,,Dark,,,,,,TSR,33,AMOL,15,Two Rivers,,,Alive ,,Soldier,,,
Balthamel,Age of Legends,,Male,,,,,,,TEOTW,42,TEOTW,50,TEOTW,50,,,Chosen,Dead,998 NE,,,,
Ballin Elamri,,Illianer,Male,,,,,,,,,CCG,,CCG,,Council of Nine,Lord,,Alive ,,,,,
Balat,,Domani,Male,,,,,Lean,,,,KOD,8,,,Valan Luca,,,,,Entertainer,,,
Balinor,,Unknown nationality,Male,,,,,,,LOC,11,,,,,White Tower,,,Dead,,Warder,,,
Bakh,,Unknown nationality,Male,,,,,,,AMOL,9,,,,,,,,Dead,1000 NE,,,,
Bael,,Aiel,Male,Very tall,,"Red, graying",,,,TSR,49,TSR,57,AMOL,6, ,,,Alive ,,Clan chief,,Goshien,
Bakayar Mishima,,Seanchan,Male,,,Yellow,,,,,,KOD,4,TGS,Prologue,,,Captain,Dead,1000 NE,Soldier,,,
Baelder,,Aiel,Male,,,,,,,,,,,,,,,,Alive ,,,,Unknown,Unknown
Baldhere,,Kandori,Male,,,White at temples,,Slender,,,,TPOD,Prologue,AMOL,18,Kandor,Swordbearer ,General,Alive ,,,,,
Gufrin,,Unknown nationality,Male,,,,,,,TOM,8,,,TOM,8,Band of the Red Hand,,Sergeant,Alive ,,Soldier,,,
Gueye Arabah,,Seanchan,Male,,,,,,,,,KOD,29,KOD,29,,,Lieutenant,Alive ,,,,,
Gueyam,,Tairen,Male,,,Bald,,,,TSR,21,TFOH,46,TPOD,24,The Dragon Reborn,High Lord of Tear,,Dead,1000 NE,,,,
Guaire Amalasan,,Darmovanin,Male,,,,,,,TEOTW,14,,,,,,False Dragon,,Dead,FY 943,,,,
Gregorin Panar den Lushenos,,Illianer,Male,Tall,,,,,,,,ACOS,41,AMOL,6,Council of Nine,Steward of Illian ,Steward,Alive ,,,,,
Graeger,,Unknown nationality,Male,,,,,,,TOM,1,,,,,,,,Dead,,Farmer,,,
Gorin Rogad,,Illianer,Male,,,,,,,TEOTW,3,,,,,,False Dragon,,Dead,995 NE,,,,
Gorenellin,,Malkier,Male,,,,,,,,,KOD,20,TOM,23,Lan Mandragoran,,,Alive ,,Merchant,,,
Grayor Frenn,,Andoran,Male,,,,,,,,,TOM,40,TOM,40,Perrin Aybara,,,Alive ,,Soldier,,,
Goemal,,,Male,,,,,,,TSR,17,,,,,,,,Unknown,,,,,
Gorderan,,Tairen,Male,,,,Gray,"Muscular, Wide",,,,ACOS,38,TOM,9,Band of the Red Hand,,Redarm,Dead,1000 NE,Soldier,,,
Gholam,,,Male,,,Sandy,,Slender,,,,,,TOM,31,The Shadow,,,Lost in the abyss ,,,,,
Ghoetam,,Unknown nationality,Male,,,,,,,TSR,24,,,,,,,,Fictional character,,,,,
Gomanes,,Unknown nationality,Male,,,,,,,TSR,31,,,,,Children of the Light,,,Dead,999 NE,Soldier,,,
Gilgame,,Unknown nationality,Male,,,,,,,TOM,51,,,,,,,,Dead,,,,,
Gharadin,,Aiel,Male,,,,,,,TPOD,9,,,,,,,,Alive ,,,,Unknown clan,Unknown sept
Get Ayliah,,Andoran,Male,,,,,,,,,WH,2,COT,25,Two Rivers,,,Alive ,,Soldier,,,
Gerard Arganda,,Ghealdanin,Male,Short,,Graying,Dark,Squat,,,,WH,2,AMOL,39,Perrin Aybara,,First Captain,Alive ,,Soldier,,,
Georg Tazanovni,,Kandori,Male,Tall,,,,,,ACOS,32,,,,,,,,Dead,,,,,
Get Eldin,,Andoran,Male,,,Bald,,,,,,TSR,45,TSR,45,Two Rivers,,,Alive ,,Farmer,,,
Geleni,,Borderlander,Male,,,,,,,,,TGS,Prologue,TGS,Prologue,,,,Alive ,,Farmer,,,
Gendar,,Mayener,Male,,,,,,,,,WH,5,WH,5,Perrin Aybara,,,Dead,1000 NE,Thief-catcher,,,
Geofram Bornhald,,Taraboner,Male,,,Gray,,,,,,TEOTW,30,TGH,48,Children of the Light,,Lord Captain,Dead,998 NE,Soldier,,,
Gawyn Trakand,979 NE,Andoran,Male,"6'5""",,Red Gold,Blue,,,TEOTW,34,TEOTW,40,AMOL,37,White Tower,,First Prince of the Sword,Dead,,Warder,,,
Gavid,,Unknown nationality,Male,,,,,,,,,AMOL,Prologue,AMOL,Prologue,Band of the Red Hand,,Squad leader,Alive ,,Soldier,,,
Garumand,,Saldaean,Male,,,,,,,,,TOM,Prologue,TOM,Prologue,Graendal,,Captain,Dead,1000 NE,Soldier,,,
Gaul,,Aiel,Male,Tall,,Red,Green,,,,,TDR,33,AMOL,47,Perrin Aybara,,,Alive ,,,,Shaarad,Imran
Gearan,,Aiel,Male,,,,,Lanky,,,,TSR,25,TSR,25,,,,Dead,,,,Da'shain Aiel,
Garlvan,,Aiel,Male,,,,,,,TOM,48,,,,,,,,Dead,,Unknown occupation,,Unknown clan,Unknown sept
Garon Burlow,,Dorlan,Male,,,,,,,,,COT,Prologue,COT,Prologue,,,,Alive ,,Mayor,,,
Garken,,Murandian,Male,,,,,,,,,TGS,28,TGS,28,,,,Dead,,Unknown occupation,,,
Garfin,,Illian,Male,,,,,,,TOM,46,,,,,Black Tower,,,Unknown,,Sword instructor,,,
Gareth Bryne,,Andoran,Male,Medium,,"Black, streaked with gray",Dark,Stocky,,TEOTW,35,TEOTW,40,AMOL,37,White Tower,,Captain-General,Dead,1000 NE,Warder,,,
Garan,,Aiel,Male,,,,,,,TFOH,3,,,,, ,,,Alive ,,,,Goshien,Jhirad
Gann,,Unknown nationality,Male,,,,,,,TDR,33,TDR,34,TDR,34,,Lord,Lord,Alive ,,Hunter of the Horn,,,
Gamel Loune,,Seanchan,Male,Tall,,"Dark, curly, white flecks",,Lean,,,,KOD,34,KOD,34,Ever Victorious Army,,Banner-General,Alive ,,Soldier,,,
Garam,,Cairhienin,Male,,,,Dark,Slight,,,,TSR,25,TSR,25,,,,Dead,,,,,
Galadedrid Damodred,,Andoran,Male,Tall,,Dark,Dark,Slender,,,,TEOTW,40,AMOL,37,Children of the Light,First Prince of the Sword ,Lord Captain Commander,,,Soldier,,,
Galldrian Riatin,,Cairhienin,Male,,,,,,,TGH,9,,,,,,King of Cairhien ,King,Dead,998 NE,,,,
Gaidal Cain,,Unknown nationality,Male,Short,,,,Muscled,,TEOTW,17,TGH,47,TSR,52,Horn of Valere,,Hero of the Horn,Bound to the Wheel,,,,,
Gainor Furlan,,Altaran,Male,,,Bald,Brown,Plump,,,,TDR,33,TDR,35,,,,Alive ,,Innkeeper,,,
Gadren Grady,995 NE,Unknown nationality,Male,,,,,,,,,LOC,3,LOC,3,,,,Alive ,,,,,
Gaffin,,Borderlander,Male,,,,,,,TGS,Prologue,,,,,,,,Alive ,,,,,
Fridwyn Ros,,Andoran,Male,,,,,,,,,COT,10,COT,10,,,,Alive ,,Soldier,,,
Floran Gelb,,Unknown nationality,Male,,,,,,,,,TEOTW,20,TSR,46,,,,Alive ,,Sailor,,,
Frask Taglien,,Unknown nationality,Male,,,,,,,AMOL,3,,,,,,,,Alive ,,,,,
Flern,,Seanchan,Male,,,,,,,TOM,48,,,,,,,,Unknown,,Unknown occupation,,,
Flann Lewin,,Andoran,Male,,,Gray,,Thin,,,,TSR,32,TSR,56,Two Rivers,,,Alive ,,,,,
Fitch,,Andoran,Male,,,,,,,,,TEOTW,13,TEOTW,17,,,,Alive ,,Innkeeper,,,
Flann Barstere,,Andoran,Male,,,,,Lanky,,,,TPOD,9,TOM,34,Perrin Aybara,,,Alive ,,Soldier,,,
Finndal,,Andoran,Male,,,,,,,TGS,10,,,,,,,,Alive ,,Lord,,,
Fergin,,Tairen,Male,,,,Gray,Skinny,,,,ACOS,38,TOM,9,Band of the Red Hand,,Redarm,Dead,1000 NE,Soldier,,,
Filger,,Unknown nationality,Male,,,,,Lean,,,,AMOL,Prologue,AMOL,Prologue,Band of the Red Hand,,Scout,Alive ,,Soldier,,,
Finsas,,Domani,Male,,,,,,,TOM,18,,,,,Dragon Reborn,,Captain,Alive ,,Soldier,,,
Feran,,Aiel,Male,Tall,,Red,,,,TFOH,23,,,,, ,,,Alive ,,,,Unknown clan,Unknown sept
Fedwin Morr,984 NE,Andoran,Male,,,,,Stocky,,,,LOC,3,TPOD,29,The Dragon Reborn,,Asha'man,Dead,1000 NE,Asha'man,,,
Fennel,,Unknown nationality,Male,,,,,,,,,TOM,2,TOM,2,Perrin Aybara,,,Alive ,,Farrier,,,
Fen Mizar,,Saldaean,Male,,,"Black, shoulder length","Dark, tilted",Compact,,ACOS,17,WH,29,TOM,9,White Tower,,,Alive ,,Warder,,,
Fearil,,Unknown nationality,Male,Tall,,Pale,,Lean,,COT,23,COT,24,KOD,27,Darkfriend,,,Alive ,,Warder,,,
Favidan,,Borderlander,Male,,,,,,,,,TGS,Prologue,TGS,Prologue,,,,Alive ,,Farmer,,,
Faverde Nothish,,Seanchan,Male,,,,,Wiry,,,,TGS,19,TGS,19,,,,Alive ,,,,,
Farran,,Unknown nationality,Male,Tall,,,,Very large,,,,TSR,1,TSR,56,Children of the Light,,Hundredman,Alive ,,Soldier,,,
Falton,,Andoran,Male,,,White,,Broad and stocky,,,,TPOD,9,TPOD,9,Two Rivers,,,Alive ,,Farrier,,,
Ewin Finngar,,Andoran,Male,,,,,,,TEOTW,Ravens,TEOTW,2,TSR,54,Two Rivers,,,Alive ,,,,,
Fanshir,,Unknown nationality,Male,,,,,,,AMOL,Prologue,,,,,,,Soldier (Asha'man),Alive ,,Asha'man,,,
Eward Aybara,,Andoran,Male,,,,,Stout,,TSR,29,,,,,Two Rivers,,,Dead,999 NE,,,,
Eward Congar,,Andoran,Male,,,,,,,TEOTW,15,,,,,Two Rivers,,,Alive ,,,,,
Eyndel,,Unknown nationality,Male,,,,,,,,,KOD,37,KOD,37,Band of the Red Hand,,Officer,Alive ,,Soldier,,,
Evon,,Amadician,Male,,,Balding,Piggy,Fat,,,,TFOH,18,TFOH,18,,,,Alive ,,Cook,,,
Ewal Coplin,,Andoran,Male,,,,,,,TEOTW,4,TSR,43,TSR,43,Two Rivers,,,Alive ,,,,,
Evin Vinchova,984 NE,Kandori,Male,,,,,,,,,TPOD,26,AMOL,14,The Shadow,,Dedicated,Dead,1000 NE,Asha'man,,,
Eurian Romavni,,Kandor,Male,,,,,,,11,,,,,,,,,Unknown,,Author,,,
Eward Candwin,,Andoran,Male,,,,,Stout,,,,TEOTW,9,TSR,56,Two Rivers,,,Alive ,,,,,
Evard Cordwyn,,Andoran,Male,Tall,,,,,,,,KOD,16,KOD,35,Elayne Trakand,,Captain,Dead,1000 NE,Mercenary,,,
Estevan Tonarma,,Tairen,Male,,,,,Lanky,,,,LOC,4,LOC,4,,Lord,,Alive ,,,,,
Ethin,,Tairen,Male,,,White,,Bony,,,,KOD,18,KOD,18,Algarin Pendaloan,,,Alive ,,Servant,,,
Ershin Netari,,Illianer,Male,,,,,,,TPOD,24,,,,,Dragon Reborn,Lord,,Alive ,,,,,
Erim,,Aiel,Male,,,"Red, going white",Green,,,TSR,49,TSR,57,LOC,4, ,,,Alive ,,Clan chief,,Chareen,
Estean Andiama,,Tairen,Male,,,Lanky,,,,,,TSR,2,KOD,26,Band of the Red Hand,Lord,Banner-General,Alive ,,Soldier,,,
Eri,,Andoran,Male,,,,,,,,,AMOL,Prologue,AMOL,Prologue,,,,,,Soldier,,,
Eram Talkend,,Andoran,Male,,,,,,,COT,Prologue,,,,,House Marne,,,Alive ,,,,,
Emarin Pendaloan,,Tairen,Male,,,,,,,COT,23,,,,,Tear,Lord,,Dead,,,,,
Eran,,Saldaean,Male,,,,,,,TSR,41,,,,,,,,Alive ,,Soldier,,,
Emares,,Tairen,Male,,,,,,,NS,1,,,,,Tear,Lord,,Alive ,,,,,
Enkazin,,Saldaean,Male,,,,Tilted,,,,,KOD,Epilogue,KOD,Epilogue,Black Tower,,Soldier (Asha'man),Alive ,,Asha'man,,,
Elyas Machera,,Tairen,Male,,,"Brown, graying",Golden,,,,,NS,7,AMOL,40,,,,Alive ,,,,,
Elver Shaene,,Murandian,Male,,,,,,,,,ACOS,34,,,,,,Alive ,,Soldier,,,
Elricain Tavolin,,Cairhienin,Male,,,Shaved,,,,,,TGH,21,TGH,25,,,,Alive ,,Soldier,,,
Ellisar,,Unknown nationality,Male,,,,,,,NS,6,,,,,,Lord,,Alive ,,,,,
Eliris Mancuri,,Illianer,Male,,,,,,,,,CCG,,CCG,,Council of Nine,Lord,,Alive ,,,,,
Elber,,Andoran,Male,,,,Beady,Pudgy,,,,TDR,45,TDR,47,Queen's Guard,,,Alive ,,,,,
Elam Dowtry,,Andoran,Male,,,,,,,,,TEOTW,Ravens,TSR,56,Two Rivers,,,Alive ,,,,,
Elegar,,Andoran,Male,,,,,,,,,TFOH,Prologue,LOC,2,Darkfriend,Lord,,Alive ,,,,,
Einor Saren,,Unknown nationality,Male,Tall,,,,,,,,TGH,5,LOC,31,Children of the Light,,Inquisitor,Alive ,,Inquisitor,,,
Einar,,Unknown nationality,Male,,,,,,,,,AMOL,37,AMOL,37,,,Asha'man,Dead,1000 NE,Asha'man,,,
Ehvin,,Murandian,Male,,,,,,,KOD,2,,,,,Rebel Aes Sedai,,,Alive ,,Servant,,,
Efraim Yamada,,Seanchan,Male,Tall,,"Graying, bowl-and-tail cut",,,,WH,28,KOD,Epilogue,TGS,19,Ever Victorious Army,,Banner-General,Alive ,,Soldier,,,
Edorion Selorna,,Tairen,Male,,,Dark,,Lean,,,,TSR,2,KOD,26,Band of the Red Hand,Lord,Banner-General,Alive ,,Soldier,,,
Eben Hopwil,984 NE,Andoran,Male,,,,,Skinny,,,,LOC,3,WH,35,The Dragon Reborn,,Asha'man,Dead,1000 NE,Asha'man,,,
Eban Vandes,,Unknown nationality,Male,,,,,,,TSR,2,,,,,,,,Dead,,Author,,,
Eddar,,Cairhienin,Male,,,,,,,,,TOM,19,TOM,19,Band of the Red Hand,,,Alive ,,,,,
Eazil Forney,,Andoran,Male,,,,,,,,,TEOTW,31,TEOTW,31,Andor,,,Alive ,,Farmer,,,
Easar Togita,,Shienaran,Male,Short,,White topknot,,,,TEOTW,48,TPOD,Prologue,AMOL,10,,King of Shienar ,King,Alive ,,,,,
Earwin,,Unknown nationality,Male,Tall,,,Gray,,,,,TGH,29,TGH,29,Children of the Light,,,Alive ,,Soldier,,,
Eagan Padros,,Illianer,Male,,,,,,,,,TPOD,21,TPOD,22,,,,Dead,1000 NE,,,,
Eamon Valda,,Unknown nationality,Male,Average,,,,,,TGH,5,LOC,31,KOD,Prologue,Children of the Light,,Lord Captain Commander,Dead,1000 NE,Soldier,,,
